<DataList>  
<Info code="01" type="일반/물리" atktype="근거리" name="병사" hp="D+/1650" atk="D/200" def="D/100" mdef="D/0" weight="1" movespeed="1.1" rang="0" atktime="2" hprecover="0" stunresis="F" silenceresis="F"
        info="리유니온의 초급 근거리 전투원. 노획하거나 불법 루트를 통해 입수한 복장과 무기를 장비하고 있으며, 자신의 신분과 행동이 노출되지 않도록 통일된 복장과 가면을 착용하고 있다."
        skill=""/>
<Info code="02" type="일반/물리" atktype="근거리" name="공수부대병" hp="D+/1450" atk="C/220" def="D/100" mdef="D/0" weight="0" movespeed="1" rang="0" atktime="1.9" hprecover="0" stunresis="F" silenceresis="F"
        info="리유니온의 특수 근거리 전투원. 노획한 설비를 이용하여 1회용 제트팩을 개조했으며, 장비는 상당히 허술하지만 원리는 간단해 쉽게 방어가 취약한 지점에 기습을 감행하기 용이하다."
        skill="공중에서 근거리 타일로 소환됩니다."/>
<Info code="03" type="일반/물리" atktype="근거리" name="공수부대 리더" hp="C/2300" atk="C/300" def="C/150" mdef="D/0" weight="0" movespeed="1" rang="0" atktime="1.9" hprecover="0" stunresis="F" silenceresis="F"
        info="리유니온의 특수 근거리 전투원. 일반적인 공수부대병보다 작전 능력이 뛰어나다. 노획한 설비를 이용하여 1회용 제트팩을 개조했으며, 장비는 상당히 허술하지만 원리는 간단해 쉽게 방어가 취약한 지점에 기습을 감행하기 용이하다."
        skill="공중에서 근거리 타일로 소환됩니다."/>
<Info code="04" type="일반/물리" atktype="근거리" name="쌍검사" hp="C/2000" atk="C/350" def="D/100" mdef="D/0" weight="1" movespeed="1.1" rang="0" atktime="1.2" hprecover="0" stunresis="F" silenceresis="F"
        info="리유니온의 근거리 전투원. 양손 무기 사용을 훈련한 것으로 미뤄보라, 과거 헌병이었을 가능성이 있다. 숙련된 공격 방식으로 인해, 파괴만을 일삼는 일반적인 전투원에 비해 대처하기가 더 어렵다."
        skill=""/>
<Info code="05" type="일반/물리" atktype="근거리" name="쌍검사 리더" hp="C/3000" atk="B/450" def="C/120" mdef="D/0" weight="1" movespeed="1.1" rang="0" atktime="1.2" hprecover="0" stunresis="F" silenceresis="F"
        info="리유니온의 근거리 전투원. 일반적인 쌍검사보다 작전 능력이 뛰어나다. 양손 무기 사용을 훈련한 것으로 미뤄보라, 과거 헌병이었을 가능성이 있다. 숙련된 공격 방식으로 인해, 파괴만을 일삼는 일반적인 전투원에 비해 대처하기가 더 어렵다."
        skill=""/>
<Info code="06" type="일반/물리" atktype="근거리" name="경기갑병" hp="C/2500" atk="C/250" def="B/400" mdef="D/0" weight="1" movespeed="1" rang="0" atktime="2" hprecover="0" stunresis="F" silenceresis="F"
        info="리유니온의 근거리 전투원. 노획하거나 불법 루트를 통해 입수한 방어구와 무기를 장비하고 있어 장비가 더욱 완전해 졌고, 정식 훈련을 받은 전투원게 가까운 실력을 갖고 있어, 평범한 전술로는 상대하기가 어려워졌다."
        skill=""/>
<Info code="07" type="일반/물리" atktype="근거리" name="경기갑병 리더" hp="B/3700" atk="C/300" def="B/500" mdef="D/0" weight="1" movespeed="1" rang="0" atktime="2" hprecover="0" stunresis="F" silenceresis="F"
        info="리유니온의 근거리 전투원. 일반적인 경기갑병보다 작전 능력이 뛰어나다. 노획하거나 불법 루트를 통해 입수한 방어구와 무기를 장비하고 있어 장비가 더욱 완전해 졌고, 정식 훈련을 받은 전투원게 가까운 실력을 갖고 있어, 평범한 전술로는 상대하기가 어려워졌다."
        skill=""/>
<Info code="08" type="일반/물리" atktype="근거리" name="중기갑병" hp="B/6000" atk="B/600" def="A/800" mdef="D/0" weight="3" movespeed="0.75" rang="0" atktime="2.6" hprecover="0" stunresis="F" silenceresis="F"
        info="리유니온의 근거리 전투원. 무거운 전신 방어구를 장비하였고, 숙련된 전투 능력을 갖추고 있어 쓰러뜨리기가 매우 어렵다. 과거 정규 훈련을 받았던 전투원으로 추측되니 주의하도록 하자."
        skill=""/>
<Info code="09" type="일반/물리" atktype="근거리" name="중기갑병 리더" hp="A/10000" atk="B/600" def="A/1000" mdef="D/0" weight="3" movespeed="0.75" rang="0" atktime="2.6" hprecover="0" stunresis="F" silenceresis="F"
        info="리유니온의 근거리 전투원. 일반적인 중기갑병보다 작전 능력이 뛰어나다. 무거운 전신 방어구를 장비하였고, 숙련된 전투 능력을 갖추고 있어 쓰러뜨리기가 매우 어렵다. 과거 정규 훈련을 받았던 전투원으로 추측되니 주의하도록 하자."
        skill=""/>
<Info code="10" type="일반/물리" atktype="근거리" name="중기갑병 캡틴" hp="S/40000" atk="A+/1000" def="A/1200" mdef="D/0" weight="4" movespeed="0.75" rang="0" atktime="2.6" hprecover="0" stunresis="F" silenceresis="F"
        info="리유니온의 근거리 전투원. 일반적인 중기갑병보다 작전 능력이 뛰어나다. 무거운 전신 방어구를 장비하였고, 일반적으로 많은 인원 수의 적들을 몰고 다녀 쓰러뜨리기가 매우 어렵다. 상대시엔 각별히 주의하도록 하자."
        skill=""/>
  
<Info code="11" type="보스/물리" atktype="근거리" name="빅 밥" hp="S/22000" atk="S/1900" def="B/800" mdef="B/30" weight="4" movespeed="0.5" rang="0" atktime="6" hprecover="0" stunresis="F" silenceresis="F"
        info="풍부한 작전 경험과 지휘 경험을 갖고 있는 리유니온의 간부. 무거운 방폭 방어구를 입고 있으며, 전기톱을 사용하여 공격한다. 눈에 띄지 않는 작전 지역에 출현하여 주변의 작전에 몰래 참여했던 것으로 보인다. 막강한 파괴력을 갖추고 있으며 쓰러뜨리기도 상당히 어려우니, 각별히 주의하도록 하자."
        skill=""/>
<Info code="12" type="보스/물리" atktype="근거리" name="빅 아담" hp="S/30000" atk="S/2700" def="A/1000" mdef="B/30" weight="4" movespeed="0.5" rang="0" atktime="6" hprecover="0" stunresis="F" silenceresis="F"
        info="리유니온의 간부. 막강한 파괴력을 갖추고 있으며 쓰러뜨리기도 상당히 어렵다. 무거운 방폭 방어구를 입고 있으며, 겉보기로는 빅 밥과 매우 유사한 장비를 착용하고 있는 것 같이 보이지만, 빅 아담은 한 사람이 아닐 수도 있다. 그들의 관계에 대해서는 제대로 알려진 바 없으나, 일부 자료에 따르면 그 위험성은 빅 밥보다 더 클 가능성도 있다고 한다."
        skill=""/>
<Info code="13" type="일반/물리" atktype="근거리" name="팬텀" hp="C/2300" atk="D/100" def="C/120" mdef="B/35" weight="1" movespeed="1.2" rang="0" atktime="1" hprecover="0" stunresis="F" silenceresis="F"
        info="엔지니어링에 뛰어난 리유니온 맴버로, 무기를 거의 휴대하고 있지 않다. 민첩한 기동 능력으로 인해 아군 유닛이 저지할 수 없으며, 다양한 방법으로 목표에 침투하여 기계 설비를 파괴한다."
        skill="저지 불가"/>
<Info code="14" type="일반/물리" atktype="근거리" name="어벤져" hp="B/5000" atk="C/300" def="C/200" mdef="A/50" weight="2" movespeed="0.65" rang="0" atktime="2.3" hprecover="0" stunresis="F" silenceresis="F"
        info="특수한 공격 수단을 사용하는 신원불명의 전투원. 특수 제작된 무기를 사용하여 공격하며, 교전 중 공격 방법을 바꾸는 특성 때문에 저지하기가 까다롭다."
        skill="체력이 절반 이하로 감소하면 공격력과 공격속도가 대폭 증가(+100%)"/>
<Info code="15" type="정예/물리" atktype="근거리" name="하이어벤져" hp="A/18000" atk="B/480" def="C/230" mdef="A/50" weight="2" movespeed="0.65" rang="0" atktime="2.3" hprecover="0" stunresis="F" silenceresis="F"
        info="특수한 공격 수단을 사용하는 신원불명의 전투원. 리벤져보다 더 예사롭지 않은 실력을 갖고 있다. 특수 제작된 무기를 사용하여 공격하며, 교전 중 공격 방법을 바꾸는 특성 때문에 저지하기가 까다로우니, 조심하도록 하자."
        skill="체력이 절반 이하로 감소하면 공격력과 공격속도가 대폭 증가(+180%)"/>
<Info code="16" type="일반/물리" atktype="근거리" name="팬텀 리더" hp="B/3800" atk="D/100" def="B/350" mdef="B/35" weight="1" movespeed="1.2" rang="0" atktime="1" hprecover="0" stunresis="F" silenceresis="F"
        info="엔지니어링에 뛰어난 리유니온 맴버로, 어느 정도 훈련을 받았으며 비교적 많은 방어구를 구비하고 있어, 일반적인 오퍼레이터로는 이들을 단숨에 제압하기 어렵다. 민첩한 기동 능력으로 인해 아군 유닛이 저지할 수 없으며, 다양한 방법으로 목표에 침투하여 기계 설비를 파괴한다."
        skill="저지 불가"/>
<Info code="17" type="일반/물리" atktype="근거리" name="폭도" hp="D+/1700" atk="C/250" def="D/350" mdef="D/50" weight="0" movespeed="1.1" rang="0" atktime="2" hprecover="0" stunresis="F" silenceresis="F"
        info="어디서 왔는지 밝혀지지 않은 전투원. 분쟁 지역에 자주 출몰한다. 간단히 마스크를 둘러 자신의 신분을 감추고 있으며, 사제 무기를 사용하여 근접 공격을 진행한다."
        skill=""/>
<Info code="18" type="일반/물리" atktype="근거리" name="폭도 리더" hp="C/2650" atk="C/350" def="D/85" mdef="D/0" weight="0" movespeed="1.1" rang="0" atktime="2" hprecover="0" stunresis="F" silenceresis="F"
        info="어디서 왔는지 밝혀지지 않은 전투원. 일반적인 폭도보다 작전 능력이 뛰어나며, 분쟁 지역에 자주 출몰한다. 간단히 마스크를 돌려 자신의 신분을 감추고 있으며, 사제 무기를 사용하여 근접 공격을 진행한다. 보잘것없는 무기지만, 분쟁 지역에서는 오히려 폭동의 상징으로 받아들여지고 있다."
        skill=""/>
<Info code="19" type="일반/물리" atktype="근거리" name="기동방패병" hp="C/2050" atk="C/240" def="C/250" mdef="D/0" weight="1" movespeed="1" rang="0" atktime="2" hprecover="0" stunresis="F" silenceresis="F"
        info="리유니온의 근거리 전투원. 노획하거나 불법 루트를 통해 입수한 복장과 무기, 그리고 군에서 쓰던 방패를 장비하고 있다. 일반적인 리유니온 병사보다 쓰러뜨리기가 더욱 어려워졌다."
        skill=""/>
<Info code="20" type="일반/물리" atktype="근거리" name="기동방패병 리더" hp="C/3000" atk="C/280" def="C/300" mdef="D/0" weight="1" movespeed="1" rang="0" atktime="2" hprecover="0" stunresis="F" silenceresis="F"
        info="리유니온의 근거리 전투원. 기동방패병보다 작전 능력이 뛰어나다. 노획하거나 불법 루트를 통해 입수한 복장과 무기, 그리고 군에서 쓰던 방패를 장비하고 있다. 일반적인 리유니온 병사보다 쓰러뜨리기가 더욱 어려워졌다."
        skill=""/>
<Info code="21" type="일반/물리" atktype="근거리" name="부랑자" hp="B/5000" atk="B/500" def="D/50" mdef="C/20" weight="2" movespeed="0.8" rang="0" atktime="3" hprecover="0" stunresis="F" silenceresis="F"
        info="정돈되지 않은 외모와 남루한 옷을 입고 있는 전투원. 누군가가 일부러 빈민으로 위장하여 용병의 신분을 숨기고자 한 것이라고 한다. 어디서 왔는지는 밝혀지지 않았지만, 강력한 공격의사를 내비치고 있으니 방어에 주의하도록 하자."
        skill=""/>
<Info code="22" type="일반/물리" atktype="근거리" name="방랑자" hp="B/5000" atk="B/500" def="D/50" mdef="C/20" weight="2" movespeed="0.8" rang="0" atktime="3" hprecover="0" stunresis="F" silenceresis="F"
        info="정돈되지 않은 외모와 남루한 옷을 입고 있는 전투원. 누군가가 일부러 빈민으로 위장하여 용병의 신분을 숨기고자 한 것이라고 한다. 어디서 왔는지는 밝혀지지 않았지만, 강력한 공격의사를 내비치고 있으니 방어에 주의하도록 하자."
        skill=""/>
<Info code="23" type="일반/마법" atktype="근거리" name="아츠 가드" hp="B/4000" atk="C/350" def="C/200" mdef="A/50" weight="1" movespeed="0.75" rang="0" atktime="2.5" hprecover="0" stunresis="F" silenceresis="F"
        info="아츠 전투 훈련을 받았던 리유니온의 근거리 전투원. 근접 무기로 공격할 때 자신의 오리지늄 아츠를 이용하여 목표에 마법 데미지를 준다. 이 작전 유닛의 가담으로 인해 리유니온은 얕볼 수 없는 정면돌파력을 갖게 되었다."
        skill=""/>
<Info code="24" type="정예/마법" atktype="근거리" name="아츠 가드 리더" hp="B/6500" atk="B/500" def="C/250" mdef="A/50" weight="1" movespeed="0.75" rang="0" atktime="2.5" hprecover="0" stunresis="F" silenceresis="F"
        info="아츠 전투 훈련을 받았던 리유니온의 근거리 전투원. 일반적인 아츠 가드보다 작전 능력이 뛰어나다. 근접 무기로 공격할 때 자신의 오리지늄 아츠를 이용하여 목표에 마법 대미지를 준다. 이 작전 유닛의 가담으로 인해 리유니온은 얕볼 수 없는 정면돌파력을 갖게 되었다."
        skill=""/>
<Info code="25" type="일반/물리" atktype="근거리" name="카타르 무사" hp="B/4000" atk="B/450" def="C/300" mdef="D/0" weight="1" movespeed="1" rang="0" atktime="1.5" hprecover="0" stunresis="F" silenceresis="F"
        info="전통 전투 훈련을 받았던 리유니온의 근거리 전투원. 개조된 카다르로 공격한다. 공격 빈도가 높아 아군의 일반적인 오퍼레이터에게 큰 대미지를 입힐 수 있다."
        skill=""/>
<Info code="26" type="일반/물리" atktype="근거리" name="카타르 무사 리더" hp="B/5000" atk="B/550" def="B/350" mdef="D/0" weight="1" movespeed="1" rang="0" atktime="1.5" hprecover="0" stunresis="F" silenceresis="F"
        info="전통 전투 훈련을 받았던 리유니온의 근거리 전투원. 일반적인 카타르 무사보다 작전 능력이 뛰어나다. 개조된 카타르로 공격해오며, 공격 빈도가 높아 아군의 일반적인 오퍼레이터에게 큰 대미지를 입힐 수 있다."
        skill=""/>
<Info code="27" type="일반/물리" atktype="근거리" name="벌목기" hp="B/8000" atk="A/750" def="D/80" mdef="B/30" weight="3" movespeed="0.75" rang="0" atktime="3.3" hprecover="0" stunresis="F" silenceresis="F"
        info="어디서 왔는지 밝혀지지 않았으며, 간편한 벌목복을 걸치고 있다. 전투 시엔 휴대하고 있는 벌목 도구로 공격해오는데, 무기와 복장, 그리고 기계같은 행동으로 인해 사람들에게는 벌목기라 불리고 있다."
        skill=""/>
<Info code="28" type="정예/물리" atktype="근거리" name="벌목꾼" hp="A/12000" atk="A/850" def="D/100" mdef="B/30" weight="3" movespeed="0.75" rang="0" atktime="3.3" hprecover="0" stunresis="F" silenceresis="F"
        info="어디서 왔는지 밝혀지지 않았으며, 간편한 벌목복을 걸치고 있다. 전투 시엔 휴대하고 있는 벌목 도구로 공격해오는데, 옷을 빨갛게 물들여 더욱 눈에 띄는 모습을 하고 있지만, 상대하기에는 다른 적보다 더욱 까다롭다. 별명이 벌목기보다는 좀 더 인간다워졌지만, 인간은 가끔 기계보다 더 무서워지기도 하지 않던가."
        skill=""/>
<Info code="29" type="일반/물리" atktype="근거리" name="도축자" hp="A/9000" atk="A/850" def="C/230" mdef="B/30" weight="3" movespeed="0.7" rang="0" atktime="3.5" hprecover="0" stunresis="F" silenceresis="F"
        info="어디서 왔는지 밝혀지지 않았으며, 흰색 작업복을 걸치고 있다. 전투 시엔 거대한 둔기로 공격해오는데, 이러한 외모와 전투 스타일은 사람들로 하여금 공포영화의 이미지를 각인시키기에 충분했다. 도축자라는 별명은, 그렇게 탄생했다."
        skill=""/>
<Info code="30" type="정예/물리" atktype="근거리" name="도축전문가" hp="A/14000" atk="A+/950" def="C/270" mdef="B/30" weight="3" movespeed="0.7" rang="0" atktime="3.5" hprecover="0" stunresis="F" silenceresis="F"
        info="어디서 왔는지 밝혀지지 않았으며, 흰색 작업복을 걸치고 있다. 전투 시엔 거대한 둔기로 공격해오는데, 이때 쓰고 있는 붉은 특제 스카프는 그들의 단체 내에서 힘과 권력의 상징이 되었다. 도축자보다 이미지가 더 살벌하다보니, 별명도 자연스레 더 살벌한 이름이 되었다."
        skill=""/>
<Info code="31" type="정예/물리" atktype="근거리" name="무장병력" hp="A/12000" atk="A+/1050" def="B/700" mdef="B/30" weight="3" movespeed="0.65" rang="0" atktime="3.5" hprecover="0" stunresis="F" silenceresis="F"
        info="어디서 왔는지 밝혀지지 않았으며, 복잡한 방어구와 방독면을 착용하고 있다. 전투 시엔 거대한 둔기로 공격해 오는데, 이런 터무니 없는 장비는 무장병력이라 불리는 사람만이 사용할 수 있을 것이다. 이동속도가 느리지만, 무기 공격은 일반적인 오퍼레이터에겐 치명적인 일격이 될 수 있으니 주의하도록 하자."
        skill=""/>
<Info code="32" type="정예/물리" atktype="근거리" name="고위무장인사" hp="A/18000" atk="A+/1500" def="A/800" mdef="B/30" weight="3" movespeed="0.65" rang="0" atktime="3.5" hprecover="0" stunresis="F" silenceresis="F"
        info="NULL"
        skill=""/>
<Info code="33" type="정예/물리" atktype="근거리" name="특수전 병사" hp="C/3200" atk="C/350" def="D/50" mdef="D/0" weight="1" movespeed="1.1" rang="0" atktime="2" hprecover="0" stunresis="F" silenceresis="F"
        info="NULL"
        skill=""/>
<Info code="34" type="일반/물리" atktype="근거리" name="차단자" hp="C/3500" atk="B/410" def="D/50" mdef="B/25" weight="1" movespeed="1.9" rang="2.2" atktime="1.4" hprecover="0" stunresis="F" silenceresis="F"
        info="사냥개 속도로 뛰어오는 적이다. 나오는 곳을 빠르게 안막으면 아주 잽싸게 출구로 나간다."
        skill=""/>
<Info code="35" type="일반/물리" atktype="근거리" name="차단자 리더" hp="B/5000" atk="B/500" def="D/80" mdef="B/25" weight="1" movespeed="1.9" rang="2.2" atktime="1.4" hprecover="0" stunresis="F" silenceresis="F"
        info="사냥개 속도로 뛰어오는 적이다. 나오는 곳을 빠르게 안막으면 아주 잽싸게 출구로 나간다."
        skill=""/>
<Info code="36" type="일반/물리" atktype="근거리" name="분쇄공격수" hp="A/10000" atk="A+/1000" def="A/1000" mdef="D/0" weight="4" movespeed="0.5" rang="2.5" atktime="3.5" hprecover="0" stunresis="F" silenceresis="F"
        info="NULL"
        skill="2차 공격 후 다음 공격시 대상이 기절"/>
<Info code="37" type="E" atktype="근거리" name="분쇄공격수 리더" hp="A/20000" atk="A+/1500" def="S/2000" mdef="D/0" weight="4" movespeed="0.5" rang="2.5" atktime="3.5" hprecover="0" stunresis="F" silenceresis="F"
        info="NULL"
        skill="2차 공격 후 다음 공격시 대상이 기절"/>
  
<Info code="A1" type="일반/물리" atktype="원거리" name="석궁병" hp="D+/1400" atk="C/240" def="D/100" mdef="D/0" weight="1" movespeed="0.9" rang="1.9" atktime="2.4" hprecover="0" stunresis="F" silenceresis="F"
        info="리유니온의 초급 원거리 전투원. 노획하거나 불법 루트를 통해 입수한 복장과 무기를 장비하고 있으며, 자신의 신분과 행동이 노출되지 않도록 통일된 복장과 가면을 착용하고 있다."
        skill=""/>
<Info code="A2" type="일반/물리" atktype="원거리" name="석궁병 리더" hp="C/1900" atk="C/310" def="C/150" mdef="D/0" weight="1" movespeed="0.9" rang="1.9" atktime="2.4" hprecover="0" stunresis="F" silenceresis="F"
        info="리유니온의 고급 원거리 전투원. 일반적인 석궁병보다 작전 능력이 뛰어나다. 노획하거나 불법 루트를 통해 입수한 복장과 무기를 장비하고 있으며, 자신의 신분과 행동이 노출되지 않도록 통일된 복장과 가면을 착용하고 있다."
        skill=""/>
  
<Info code="A3" type="일반/마법" atktype="원거리" name="캐스터" hp="D+/1600" atk="D/200" def="D/50" mdef="A/50" weight="1" movespeed="0.8" rang="1.8" atktime="4" hprecover="0" stunresis="F" silenceresis="F"
        info="리유니온의 초급 캐스터. 감염자인 관계로 자신의 몸의 오리지늄을 활용하여 아츠를 쓰는 경향이 있다. 통상 작전 시에는 지팡이를 쓰지 않기 때문에 공격의 예측이 어려우며, 무장해제 또한 할 수 없다."
        skill=""/>
<Info code="A4" type="일반/마법" atktype="원거리" name="캐스터 리더" hp="C/2400" atk="C/300" def="D/80" mdef="A/50" weight="1" movespeed="0.8" rang="2" atktime="4" hprecover="0" stunresis="F" silenceresis="F"
        info="리유니온의 고급 캐스터. 일반적인 캐스터보다 작전 능력이 뛰어나다. 감염자인 관계로, 자신의 몸의 오리지늄을 활용하여 아츠를 쓰는 경향이 있다. 통상 작전 시에는 지팡이를 쓰지 않기 때문에 공격의 예측이 어려우며, 무장해제 또한 할 수 없다."
        skill=""/>
<Info code="A5" type="정예/마법" atktype="원거리" name="하이캐스터" hp="B/7000" atk="C/240" def="C/120" mdef="A/50" weight="1" movespeed="0.7" rang="2.2" atktime="3.8" hprecover="0" stunresis="F" silenceresis="F"
        info="리유니온의 정예 캐스터. 사용이 어려운 범위 공격 아츠를 일반적인 캐스터보다 더 빈번히 사용하니 주의해야 한다."
        skill="공격 시 목표와 그 주변 4칸(+) 내의 모든 아군 유닛에게 대미지"/>
<Info code="A6" type="정예/마법" atktype="원거리" name="하이캐스터 리더" hp="A/13500" atk="B/380" def="C/160" mdef="A/50" weight="1" movespeed="0.7" rang="2.2" atktime="3.8" hprecover="0" stunresis="F" silenceresis="F"
        info="리유니온의 정예 캐스터. 하이캐스터보다 더 위험하다. 사용이 어려운 범위 공격 아츠를 일반적인 하이캐스터보다 더 위협적으로 사용하니 주의해야 한다."
        skill="공격이 광역 피해를 입힘."/>
<Info code="A7" type="일반/마법" atktype="원거리" name="방패 하이캐스터" hp="A/8500" atk="B/380" def="B/400" mdef="C/20" weight="1" movespeed="0.7" rang="2.2" atktime="3.8" hprecover="0" stunresis="F" silenceresis="F"
        info="리유니온의 정예 캐스터. 사용이 어려운 범위 공격 아츠를 일반적인 캐스터보다 더 빈번히 사용할 뿐만 아니라, 아츠를 통해 자신의 방어력도 한 층 강화하였으니, 교전 시 각별한 주의가 필요하다. 하지만 이러한 특수 상태로 인해, 마법 저항력은 비교적 낮을지도 모른다."
        skill="공격 시 목표와 그 주변 4칸(+) 내의 모든 아군 유닛에게 대미지"/>

<Info code="A7_1" type="일반/물리" atktype="원거리" name="포병" hp="C/3300" atk="B/400" def="C/150" mdef="D/0" weight="2" movespeed="0.8" rang="7" atktime="4.5" hprecover="0" stunresis="F" silenceresis="F"
        info="리유니온의 특수 원거리 전투원. 노획한 군용 오리지늄 폭발물 발사기를 장비하여 방어가 어려운 위치에 공격을 감행하기에, 아군 후방부대에게는 큰 위협이 된다."
        skill="초원거리 공격, 포탄이 목표와 그 주변 8칸 내의 모든 아군 유닛에게 대미지"/>
<Info code="A8" type="일반/물리" atktype="원거리" name="포병 리더" hp="B/5000" atk="B/550" def="C/150" mdef="D/0" weight="2" movespeed="0.8" rang="7" atktime="4.5" hprecover="0" stunresis="F" silenceresis="F"
        info="NULL"
        skill="초원거리 공격, 포탄이 목표와 그 주변 8칸 내의 모든 아군 유닛에게 대미지"/>

<Info code="A9" type="일반/물리" atktype="원거리" name="화염병 투척병" hp="D+/1550" atk="D/180" def="D/50" mdef="D/0" weight="0" movespeed="1" rang="1.75" atktime="2.7" hprecover="0" stunresis="F" silenceresis="F"
        info="어디서 왔는지 밝혀지지 않은 전투원. 간단히 마스크를 둘러 자신의 신분을 감추고 있으며, 휴대한 사제 화염병을 사용하여 범위 내의 목표에게 대미지를 준다. 보잘 것 없는 무기지만, 분쟁 지역에서는 오히려 폭동의 상징으로 받아들여지고 있다."
        skill=""/>
<Info code="A10" type="일반/물리" atktype="원거리" name="화염병 투척병" hp="C/2000" atk="C/250" def="D/85" mdef="D/0" weight="0" movespeed="1" rang="1.75" atktime="2.2" hprecover="0" stunresis="F" silenceresis="F"
        info="어디서 왔는지 밝혀지지 않은 전투원. 화염병 투척병보다 작전 능력이 뛰어나다. 간단히 마스크를 둘러 자신의 신분을 감추고 있으며, 휴대한 사제 화염병을 사용하여 범위 내의 목표에게 대미지를 준다."
        skill=""/>
  
  <Info code="AL1" type="일반/마법" atktype="원거리" name="특수전 캐스터" hp="B/4000" atk="B/400" def="C/250" mdef="A/50" weight="2" movespeed="0.8" rang="2" atktime="4" hprecover="0" stunresis="F" silenceresis="F"
        info="NULL"
        skill=""/>
  <Info code="AL2" type="정예/마법" atktype="원거리" name="특수전 캐스터" hp="B/6000" atk="B/450" def="C/300" mdef="A/50" weight="2" movespeed="0.8" rang="2.4" atktime="4" hprecover="0" stunresis="F" silenceresis="F"
        info="NULL"
        skill=""/>
  
  <Info code="B1" type="일반/곤충/물리" atktype="근거리" name="원석충" hp="D/550" atk="D/130" def="D/0" mdef="D/0" weight="0" movespeed="1" rang="1" atktime="1.7" hprecover="0" stunresis="F" silenceresis="F"
        info="야생의 감염 생물. 이런 저지능 생물은 적의 캐스터에게 조종당할 가능성이 있으며, 인공설비에 침입하여 무리지어 공격한다." skill=""/>
  <Info code="B2" type="일반/곤충/물리" atktype="근거리" name="원석충 α" hp="D+/1050" atk="D/185" def="D/0" mdef="D/0" weight="0" movespeed="1" rang="1" atktime="1.7" hprecover="0" stunresis="F" silenceresis="F"
        info="야생의 감염 생물. 일반 원석충보다 위험도가 높은 종이다. 이런 저지능 생물은 적의 캐스터에게 조종당할 가능성이 있으며, 인공설비에 침입하여 무리지어 공격한다."/>
  <Info code="B3" type="일반/곤충/물리" atktype="근거리" name="원석충 β" hp="D+/1550" atk="C/240" def="D/0" mdef="D/0" weight="0" movespeed="1" rang="1" atktime="1.7" hprecover="0" stunresis="F" silenceresis="F"
        info="야생의 감염 생물. 원석충 α보다 위험도가 더 높은 종이다. 이런 저지능 생물은 적의 캐스터에게 조종당할 가능성이 있으며, 인공설비에 침입하여 무리지어 공격한다."/>
  <Info code="B4" type="일반/곤충/물리" atktype="원거리" name="산성 원석충" hp="C/2080" atk="D/180" def="D/80" mdef="D/0" weight="0" movespeed="1" rang="1.8" atktime="3.0" hprecover="0" stunresis="F" silenceresis="F"
        info="야생의 감염 생물. 갑옷을 녹일만큼 강한 산성 액체를 발사할 수 있다. 이런 저지능 생물은 적의 캐스터에게 조종당할 가능성이 있으며, 인공설비에 침입하여 무리지어 공격한다."/>
  <Info code="B5" type="일반/곤충/물리" atktype="원거리" name="산성 원석충 α" hp="C/2780" atk="C/290" def="D/0" mdef="D/0" weight="0" movespeed="1" rang="1.75" atktime="3.3" hprecover="0" stunresis="F" silenceresis="F"
        info="야생의 감염 생물. 갑옷을 녹일만큼 강한 산성 액체를 발사할 수 있다. 산성 원석충보다 위험도가 높은 종이다. 이런 저지능 생물은 적의 캐스터에게 조종당할 가능성이 있으며, 인공설비에 침입하여 무리지어 공격한다."
        skill="모든 목표의 적 방어력 감소-15%"/>
  <Info code="B6" type="일반/곤충/물리" atktype="근거리" name="감염된 원석충" hp="C/2460" atk="C/260" def="D/0" mdef="D/0" weight="0" movespeed="1" rang="0" atktime="1.7" hprecover="0" stunresis="F" silenceresis="F"
        info="불안정한 야생의 감염 생물. 다량의 오리지늄을 복부에 축척한 상태이며 사망 시 폭발한다. 이런 저지능 생물은 적의 캐스터에게 조종당할 가능성이 있으며, 인공설비에 침입하여 무리지어 공격한다."/>
  <Info code="B7" type="일반/곤충/물리" atktype="근거리" name="감염된 원석충 α" hp="B/3700" atk="C/350" def="D/0" mdef="D/0" weight="0" movespeed="1" rang="0" atktime="1.7" hprecover="0" stunresis="F" silenceresis="F"
        info="불안정한 야생의 감염 생물. 다량의 오리지늄을 복부에 축척한 상태이며 사망 시 폭발한다. 감염된 원석충보다 위험도가 높은 종이다. 이런 저지능 생물은 적의 캐스터에게 조종당할 가능성이 있으며, 인공설비에 침입하여 무리지어 공격한다."
        skill="사망 시 4범위 만큼 큰 물리 대미지를 입힙니다."/>  
  <Info code="B8" type="일반/곤충/물리" atktype="근거리" name="메탈 크랩" hp="C/3000" atk="C/300" def="B/500" mdef="S/85" weight="1" movespeed="0.75" rang="0" atktime="2.3" hprecover="0" stunresis="F" silenceresis="F"
        info="야생의 감염 생물. 단단한 금속이 몸을 감싸고 있어 대다수의 일반 무기로는 피해를 입히기가 어렵다. 하지만 생각만큼 무게가 무겁진 않으며, 행동 또한 느린 편이다. 이런 저지능 생물은 적의 캐스터에게 조종당할 가능성이 있으며, 인공설비에 침입하여 무리지어 공격한다."
        skill=""/>  
  <Info code="B9" type="일반/곤충/물리" atktype="근거리" name="빙폭원석충" hp="C/3250" atk="C/300" def="D/0" mdef="D/0" weight="0" movespeed="1" rang="1.75" atktime="1.7" hprecover="0" stunresis="F" silenceresis="F"
        info="추운 지역에서 온 야생의 감염된 생물, 복부가 이미 다량의 오리지늄에 동화되어 있고 불안정한 상태이며 사망 시 폭발과 함께 우리 측 대원을 동결시킬 수 있다. 이 지능이 낮은 생물은 전술적인 목적을 달성하기 위해 설괴소대 술사들에 의해 조종된다."
        skill="사망 시 주위에 물리 광역피해를 입히고 [한랭] 효과를 가함"/>  
  <Info code="B10" type="일반/곤충/물리" atktype="근거리" name="빙폭원석충·α" hp="B/4850" atk="B/370" def="D/0" mdef="D/0" weight="0" movespeed="1" rang="1.9" atktime="1.7" hprecover="0" stunresis="F" silenceresis="F"
        info="추운 지역에서 온 야생의 감염된 생물, 일반 빙폭원석충보다 더 위협적이며 복부가 이미 다량의 오리지늄에 동화되어 있고 불안정한 상태이며 사망 시 폭발과 함께 우리 측 대원을 동결시킬 수 있다. 이 지능이 낮은 생물은 전술적인 목적을 달성하기 위해 설괴소대 술사들에 의해 조종된다."
        skill="사망 시 주위에 물리 광역피해를 입히고 [한랭] 효과를 가함"/> 
  
<Info code="C0" type="일반/은신/물리" atktype="근거리" name="럴커" hp="C/4200" atk="C/400" def="D/130" mdef="C/50" weight="1" movespeed="0.8" rang="2" atktime="4" hprecover="0" stunresis="F" silenceresis="F"
        info="리유니온의 특수 전투원. 행동이 민첩하고 잘 발견되지 않아 교전하기 전까진 다른 유닛들은 공격 목표로 삼을 수 없으니, 제대로 상대하고자 한다면 주변의 협력이 필수다."
        skill="저지당하고 있지 않을 때 공격당하지 않음 (은신)"/> 
<Info code="C1" type="일반/은신/물리" atktype="원거리" name="스텔스 석궁병" hp="D+/1800" atk="C/260" def="D/100" mdef="C/20" weight="1" movespeed="0.9" rang="2.2" atktime="2.7" hprecover="0" stunresis="F" silenceresis="F"
        info="길리슈트처럼 보이는 방어구를 입은 리유니온의 원거리 전투원. 교전하기 전까진 다른 유닛들은 공격 목표로 삼을 수 없으니, 제대로 상대하고자 한다면 주변의 협력이 필수다."
        skill="저지당하고 있지 않을 때 공격당하지 않음 (은신)"/>
<Info code="C2" type="일반/은신/스나이퍼/리더" atktype="원거리" name="스텔스 석궁병 리더" hp="C/2700" atk="C/310" def="C/130" mdef="C/20" weight="1" movespeed="0.9" rang="2.2" atktime="2.7" hprecover="0" stunresis="F" silenceresis="F"
        info="NULL"
        skill="저지당하고 있지 않을 때 공격당하지 않음 (은신)"/>
<Info code="C3" type="일반/은신/마법" atktype="원거리" name="스텔스 캐스터" hp="C/2200" atk="C/350" def="D/80" mdef="A/50" weight="1" movespeed="0.8" rang="2" atktime="4" hprecover="0" stunresis="F" silenceresis="F"
        info="길리슈트처럼 보이는 방어구를 입은 리유니온의 캐스터. 교전하기 전까진 다른 유닛들은 공격 목표로 삼을 수 없으니, 제대로 상대하고자 한다면 주변의 협력이 필수다."
        skill="저지당하고 있지 않을 때 공격당하지 않음 (은신)"/>
<Info code="C4" type="일반/은신/마법" atktype="원거리" name="스텔스 캐스터 리더" hp="B/4200" atk="B/400" def="C/130" mdef="A/50" weight="1" movespeed="0.8" rang="2" atktime="4" hprecover="0" stunresis="F" silenceresis="F"
        info="NULL"
        skill="저지당하고 있지 않을 때 공격당하지 않음 (은신)"/>
  
  <Info code="CS" type="일반/은신/마법" atktype="근거리" name="크라운슬레이어" hp="B/6000" atk="B/400" def="C/120" mdef="A/50" weight="1" movespeed="1.4" rang="0" atktime="2.8" hprecover="0" stunresis="F" silenceresis="F"
        info="리유니온 간부. 사고 후 기습 암살 작전에서 활동하였으며, 근거리 전투와 방어선을 돌파하는 기습 공격에 능하다. 침투 능력과 은폐 능력이 우수한 그녀에 대항하여 몇 번이고 작전을 감행하여 왔지만, 이제까지 소득은 전무했다."
        skill="저지당할 때 목표의 뒤로 고속 이동"/>
  
<Info code="D1" type="일반/드론" atktype="공격하지 않음" name="요마" hp="D/800" atk="D/0" def="D/50" mdef="D/0" weight="0" movespeed="0.9" rang="0" atktime="2.3" hprecover="0" stunresis="F" silenceresis="F"
        info="적이 조종하는 드론. 내부에선 '요마'라고 불리고 있다. 원거리 조종이 가능한 아츠 리시버가 탑재된 것으로 미뤄보아 가까운 곳에 숨어있는 캐스터가 조종하고 있는 것으로 보인다. 방어력이 높은 오퍼레이터에겐 큰 대미지를 줄 수는 없겠지만, 그렇지 않은 오퍼레이터에겐 여전히 위협적인 존재다."
        skill="비행 유닛 (근거리 공격 대상이 되지 않음)"/>
<Info code="D2" type="일반/드론" atktype="원거리" name="요괴 MKII" hp="D+/1550" atk="C/220" def="D/50" mdef="D/0" weight="0" movespeed="0.9" rang="2" atktime="3" hprecover="0" stunresis="F" silenceresis="F"
        info="적이 조종하는 드론. '요마'를 개조한 버전이기에 그 이름을 이어받아 '요마 MKII'라고 불리고 있다. 발사가 가능한 소형 총기가 장착되어 있으며, 원거리 조종이 가능한 아츠 리시버가 탑재된 것으로 보아 가까운 곳에 숨어있는 캐스터가 조종하고 있는 것으로 보인다. 방어력이 높은 오퍼레이터에겐 큰 대미지를 줄 수는 없겠지만, 그렇지 않은 오퍼레이터에겐 여전히 위협적인 존재다."
        skill="비행 유닛 (근거리 공격 대상이 되지 않음)"/>
<Info code="D3" type="정예/드론" atktype="원거리" name="랩터" hp="S/30000" atk="A/660" def="C/170" mdef="D/0" weight="0" movespeed="0.5" rang="2" atktime="3.8" hprecover="0" stunresis="F" silenceresis="F"
        info="적이 조종하는 드론. 모 우주 슈팅 게임의 팬이 외관을 제작한 관게로 '랩터'라 불리고 있다. 고속 사격이 가능한 소형 기관총과 원거리 아츠 리시버가 탑재되어 있는 것으로 미뤄보아 가까운 곳에 숨어있는 캐스터가 조종하고 있는 것으로 보인다. 우수한 은폐성과 공격성은 작전 중인 오퍼레이터에게 큰 위협이 될 것이다."
        skill="비행 유닛 (근거리 공격 대상이 되지 않음)"/>
<Info code="D4" type="일반/드론" atktype="공격하지 않음" name="디펜더-4" hp="B/4000" atk="D/0" def="C/150" mdef="C/20" weight="0" movespeed="0.5" rang="2.5" atktime="2" hprecover="0" stunresis="F" silenceresis="F"
        info="적이 조종하는 드론으로, 모델명은 '디펜터-4'라고 표시되어 있다. 공격 능력은 없지만, 적에게 서포트가 가능하니 주의하도록 하자."
        skill="비행 유닛 (근거리 공격 대상이 되지 않음) 주변 적군에게 방어력 버프 제공(+300)."/>
<Info code="D5" type="일반/드론" atktype="원거리" name="바오링" hp="B/4000" atk="A/800" def="C/150" mdef="B/30" weight="1" movespeed="0.6" rang="2" atktime="5" hprecover="0" stunresis="F" silenceresis="F"
        info="NULL"
        skill="비행 유닛 (근거리 공격 대상이 되지 않음) 폭탄 투하로 물리 피해를 입힌 후 이동 속도 대폭 증가"/>
<Info code="D6" type="일반/드론" atktype="원거리" name="바오링·G" hp="B/6000" atk="A+/1500" def="C/220" mdef="B/30" weight="1" movespeed="0.6" rang="2" atktime="5" hprecover="0" stunresis="F" silenceresis="F"
        info="NULL"
        skill="비행 유닛 (근거리 공격 대상이 되지 않음) 폭탄 투하로 물리 피해를 입힌 후 이동 속도 대폭 증가"/>
<Info code="D7" type="일반/드론/마법" atktype="원거리" name="마법대사 A1" hp="C/2700" atk="C/220" def="D/100" mdef="A/65" weight="1" movespeed="1.5" rang="1.8" atktime="2.15" hprecover="0" stunresis="F" silenceresis="F"
        info="NULL"
        skill="비행 유닛 (근거리 공격 대상이 되지 않음)"/>
<Info code="D8" type="일반/드론/마법" atktype="원거리" name="마법대사 A2" hp="B/6000" atk="B/600" def="C/140" mdef="A/65" weight="1" movespeed="0.8" rang="3" atktime="3.5" hprecover="0" stunresis="F" silenceresis="F"
        info="NULL"
        skill="비행 유닛 (근거리 공격 대상이 되지 않음)"/>
<Info code="D9" type="일반/드론" atktype="공격하지 않음" name="프로스트" hp="B/6500" atk="B/100" def="B/600" mdef="B/30" weight="1" movespeed="0.9" rang="2.5" atktime="1" hprecover="0" stunresis="F" silenceresis="F"
        info="NULL"
        skill="비행 유닛 (근거리 공격 대상이 되지 않음)"/>

<Info code="FA" type="보스" atktype="원거리" name="파우스트" hp="S/37000" atk="A+/1000" def="B/350" mdef="B/35" weight="5" movespeed="0.5" rang="20" atktime="5" hprecover="0" stunresis="T" silenceresis="T"
        info="NULL"
        skill="등장 직후 --초 동안 무적 상태이며, 일반 피해의 두 배에 달하는 강화 화살을 사용. 전장에 숨겨진 포탑을 작동시킨다."/>
<Info code="FNF" type="보스/마법" atktype="원거리" name="프로스트 노바" hp="S/25000" atk="B/420" def="C/250" mdef="A/50" weight="5" movespeed="0.5" rang="2" atktime="3.7" hprecover="0" stunresis="T" silenceresis="T"
        info="NULL"
        skill="광역 마법 피해를 입히며, 얼음 마법에 피격당한 대원은 공격 속도가 감소한다. 마법이 시전된 이후 자신 주변 타일을 파괴하여 배치불가 상태로 만듬. 사망 시 5초 후 부활하며 공격력이 증가한다(+50%)."/>

<Info code="G11" type="일반/물리" atktype="근거리" name="시칠리안" hp="C/2700" atk="C/250" def="D/100" mdef="C/10" weight="1" movespeed="1" rang="0" atktime="2" hprecover="0" stunresis="F" silenceresis="F"
        info="기초 근접 작전대원. 이러한 시라쿠사에서 온 사람들은 오래된 이름으로 자칭하며 그들의 과거의 영광을 상징한다."
        skill=""/>
<Info code="G12" type="정예/물리" atktype="근거리" name="정예 시칠리안" hp="B/3800" atk="C/350" def="C/160" mdef="C/10" weight="1" movespeed="1" rang="0" atktime="2" hprecover="0" stunresis="F" silenceresis="F"
        info="기초 근접 작전대원. 시칠리안들보다 더 높은 작전 능력을 가지고 있다. 이러한 시라쿠사에서 온 사람들은 오래된 이름으로 자칭하며 그들의 과거의 영광을 상징한다."
        skill=""/>
<Info code="G13" type="일반/물리" atktype="근거리" name="싸움꾼" hp="C/3200" atk="C/290" def="C/250" mdef="D/0" weight="1" movespeed="0.95" rang="0" atktime="0.4" hprecover="0" stunresis="F" silenceresis="F"
        info="특수훈련을 거친 작전대원. 매우 빠른 펀치는 종종 연속적인 치명타를 준다."
        skill=""/>
<Info code="G14" type="정예/물리" atktype="근거리" name="정예 싸움꾼" hp="B/4200" atk="B/380" def="C/300" mdef="D/0" weight="1" movespeed="0.95" rang="0" atktime="0.4" hprecover="0" stunresis="F" silenceresis="F"
        info="특수훈련을 거친 작전대원. 싸움꾼보다 더 강한 파괴력을 지녔다. 그를 막아낼 수 있는 더 우수한 방호 장비가 필요하다."
        skill=""/>
<Info code="G15" type="일반/물리" atktype="원거리" name="사수" hp="C/3000" atk="D/180" def="C/150" mdef="D/0" weight="1" movespeed="1" rang="1.7" atktime="3" hprecover="0" stunresis="F" silenceresis="F"
        info="원거리 전술 작전대원. 연속 사격으로 적을 공격하는 데 뛰어나다. 매우 높은 전술적 소양을 갖추고 있으며 지휘 단말을 우선 공격하여 적의 지원을 차단한다."
        skill=""/>
<Info code="G16" type="일반/물리" atktype="원거리" name="명사수" hp="B/4000" atk="C/230" def="C/200" mdef="D/0" weight="1" movespeed="1" rang="1.7" atktime="3" hprecover="0" stunresis="F" silenceresis="F"
        info="원거리 전술 작전대원. 사수보다 더 정교한 탄약을 조립했다. 매우 높은 전술적 소양을 갖추고 있으며, 지휘 단말을 우선 공격하여 적의 지원을 차단할 것이므로 조심스러운 대응이 필요하다."
        skill=""/>
<Info code="G17" type="정예/물리" atktype="근거리" name="불릿헤드" hp="A/16000" atk="A/800" def="A/800" mdef="C/20" weight="4" movespeed="1.2" rang="0" atktime="3.5" hprecover="0" stunresis="F" silenceresis="F"
        info="특수 작전대원. 거대한 몸은 막을 수없고, 그를 막는 것은 3명의 적을 막는 것과 같으며, 3보다 낮은 저지력을 가진 대원은 방어선을 뚫는 것을 막지 못할 수도 있다."
        skill=""/>
<Info code="G18" type="정예/물리" atktype="근거리" name="롤러" hp="S/25000" atk="A+/1000" def="A/1000" mdef="B/30" weight="4" movespeed="1.2" rang="0" atktime="3.5" hprecover="0" stunresis="F" silenceresis="F"
        info="특수 작전대원. 불릿헤드보다 파괴력과 장갑이 강하다. 거대한 몸은 막을 수없고, 그를 막는 것은 3명의 적을 막는 것과 같으며, 3보다 낮은 저지력을 가진 대원은 방어선을 뚫는 것을 막지 못할 수도 있다."
        skill="저지 비용 3을 차지한다."/>
<Info code="G19" type="정예/물리" atktype="원거리" name="무뢰한" hp="A/9000" atk="A/700" def="B/500" mdef="D/0" weight="2" movespeed="0.8" rang="1.3" atktime="5" hprecover="0" stunresis="F" silenceresis="F"
        info="특수 원거리 작전대원. 거대한 쇠망치를 들고 다니며 파괴력이 막강하다. 눈에 보이는 모든 시설을 우선적으로 파괴하고 고지대의 작전 유닛를 공격할 수 있다."
        skill="优先攻击指挥终端"/>
<Info code="G20" type="정예/물리" atktype="원거리" name="무뢰한의 말로" hp="A/13000" atk="A/800" def="B/600" mdef="D/0" weight="2" movespeed="0.8" rang="1.3" atktime="5" hprecover="0" stunresis="F" silenceresis="F"
        info="특수 원거리 작전대원. 무뢰한보다 작전능력과 파괴력이 뛰어나다.거대한 쇠망치를 들고 다니며 파괴력이 막강하다. 눈에 보이는 모든 시설을 우선적으로 파괴하고 고지대의 작전 유닛를 공격할 수 있다."
        skill="优先攻击指挥终端"/>
<Info code="G21" type="정예/물리" atktype="근거리" name="회색 꼬리" hp="C/3000" atk="A/700" def="C/250" mdef="C/20" weight="2" movespeed="0.9" rang="0" atktime="3.2" hprecover="0" stunresis="F" silenceresis="F"
        info="래트킹의 정예 호위. 래트킹은 그의 호위에 특별한 오리지늄 아츠를 부여하고, 방패의 입장으로 자신을 보호하도록 전개할 수 있다. 방패가 파괴되면 이동 속도가 증가한다."
        skill="护盾存在时大幅提升防御力, 护盾被摧毁时大幅提升移动速度"/>
<Info code="G22" type="정예/물리" atktype="근거리" name="회색 꼬리 리더" hp="B/4000" atk="A/800" def="C/250" mdef="C/20" weight="2" movespeed="0.9" rang="0" atktime="3.2" hprecover="0" stunresis="F" silenceresis="F"
        info="래트킹의 정예 호위. 회색 꼬리보다 작전 능력이 뛰어나다. 래트킹은 그의 호위에 특별한 오리지늄 아츠를 부여하고, 방패의 입장으로 자신을 보호하도록 전개할 수 있다. 방패가 파괴되면 이동 속도가 증가한다."
        skill="护盾存在时大幅提升防御力, 护盾被摧毁时大幅提升移动速度"/>
  
<Info code="MK" type="보스/마법" atktype="원거리" name="마우스킹" hp="S/22000" atk="A/470" def="B/350" mdef="B/30" weight="5" movespeed="0.6" rang="2.5" atktime="3.4" hprecover="0" stunresis="T" silenceresis="T"
        info="린, 회색의 린, 빈민가의 쥐왕, 그가 짊어진 칭호는 도시 전체의 그늘을 드리우고 있었다. 당신의 주제를 모르고 선을 넘었을때, 자신의 잘못를 깨닫고 주저하는 순간, 당신이 우려하는 현실은 모래바람 속에서 소리 없이 나타날 것이다."
        skill="방어력을 크게 증가시키고 마법공격을 흡수하는 모래먼지 방패를 가진채 등장, 방패는 마법공격을 누적해야만 파괴할 수 있다."/>
<Info code="MP" type="보스/치유" atktype="원거리" name="메피스토" hp="S/28000" atk="B/500" def="C/200" mdef="A/60" weight="5" movespeed="0.5" rang="20" atktime="6" hprecover="0" stunresis="F" silenceresis="F"
        info="NULL"
        skill="필드에 존재하는 모든 적군의 자연 회복 속도가 2배가 되며, 동시에 3기의 대상을 치유."/>

<Info code="O1" type="일반/동물" atktype="근거리" name="사냥개" hp="D/820" atk="D/190" def="D/0" mdef="C/20" weight="0" movespeed="1.9" rang="0" atktime="1.4" hprecover="0" stunresis="F" silenceresis="F"
        info="리유니온의 기술정찰부대가 조종하는 생물. 몸에는 모 브랜드의 감시제어설비가 장착되어 있다. 우수한 은폐성과 행동속도는 아군의 방어를 쉽게 뚫어 막대한 피해를 입힐 수 있으니 주의해야 한다." skill=""/>
<Info code="O2" type="일반/동물" atktype="근거리" name="사냥개 Pro" hp="D+/1700" atk="C/260" def="D/0" mdef="C/20" weight="0" movespeed="1.9" rang="0" atktime="1.4" hprecover="0" stunresis="F" silenceresis="F"
        info="리유니온의 기술정찰부대가 조종하는 생물. 일반적인 사냥개보다 작전 능력이 뛰어나다. 몸에는 모 브랜드의 감시제어설비가 장착되어 있다. 우수한 은폐성과 행동속도는 아군의 방어를 쉽게 뚫어 막대한 피해를 입힐 수 있으니 주의해야 한다." 
        skill=""/>
<Info code="O3" type="일반/동물" atktype="근거리" name="흉폭한 사냥개 Pro" hp="C/3000" atk="B/370" def="D/0" mdef="C/20" weight="0" movespeed="1.9" rang="0" atktime="1.4" hprecover="0" stunresis="F" silenceresis="F"
        info="리유니온의 기술정찰부대가 조종하는 생물. 사냥개 Pro보다 작전 능력이 뛰어나다. 몸에는 모 브랜드의 감시제어설비가 장착되어 있다. 우수한 은폐성과 행동속도는 아군의 방어를 쉽게 뚫어 막대한 피해를 입힐 수 있으니 주의해야 한다."
        skill=""/>
<Info code="O4" type="일반/동물" atktype="근거리" name="서릿니" hp="C/3150" atk="C/350" def="D/0" mdef="B/30" weight="0" movespeed="1.9" rang="0" atktime="1.4" hprecover="0" stunresis="F" silenceresis="F"
        info="NULL"
        skill="공격 대상이 [동결] 효과일 때 공격력 증가"/>
<Info code="O5" type="일반/동물" atktype="근거리" name="서릿날" hp="B/4650" atk="B/430" def="D/0" mdef="B/30" weight="0" movespeed="1.9" rang="0" atktime="1.4" hprecover="0" stunresis="F" silenceresis="F"
        info="NULL"
        skill="공격 대상이 [동결] 효과일 때 공격력 증가"/>

<Info code="P01" type="일반" atktype="근거리" name="보병" hp="C/2500" atk="C/280" def="D/85" mdef="B/40" weight="1" movespeed="1.1" rang="0" atktime="2" hprecover="0" stunresis="F" silenceresis="F"
        info="NULL"
        skill=""/>
<Info code="P02" type="일반" atktype="근거리" name="보병 대장" hp="B/3700" atk="C/330" def="D/100" mdef="B/40" weight="1" movespeed="1.1" rang="0" atktime="2" hprecover="0" stunresis="F" silenceresis="F"
        info="NULL"
        skill=""/>
<Info code="P03" type="일반" atktype="원거리" name="저격 보병" hp="C/3000" atk="D/150" def="D/100" mdef="C/10" weight="1" movespeed="0.8" rang="3.5" atktime="4" hprecover="0" stunresis="F" silenceresis="F"
        info="NULL"
        skill="2차 공격 후 다음 공격시 대상이 기절"/>
<Info code="P04" type="정예" atktype="원거리" name="저격 보병 대장" hp="B/4000" atk="D/200" def="C/150" mdef="C/10" weight="1" movespeed="0.8" rang="4" atktime="4" hprecover="0" stunresis="F" silenceresis="F"
        info="NULL"
        skill="2차 공격 후 다음 공격시 대상이 기절"/>
<Info code="P05" type="일반/마법" atktype="원거리" name="편제술사" hp="C/3000" atk="C/320" def="D/100" mdef="A/50" weight="1" movespeed="0.8" rang="1.8" atktime="4" hprecover="0" stunresis="F" silenceresis="F"
        info="NULL"
        skill=""/>
<Info code="P06" type="일반/마법" atktype="원거리" name="편제술사 대장" hp="B/4000" atk="C/350" def="C/200" mdef="A/50" weight="1" movespeed="0.8" rang="1.8" atktime="4" hprecover="0" stunresis="F" silenceresis="F"
        info="NULL"
        skill=""/>
<Info code="P07" type="일반/물리" atktype="근거리" name="기동위병" hp="C/2500" atk="D/200" def="B/400" mdef="D/0" weight="1" movespeed="1" rang="0" atktime="2" hprecover="0" stunresis="F" silenceresis="F"
        info="NULL"
        skill=""/>
<Info code="P08" type="일반/물리" atktype="근거리" name="기동위병 대장" hp="B/3700" atk="C/300" def="B/500" mdef="D/0" weight="1" movespeed="1" rang="0" atktime="2" hprecover="0" stunresis="F" silenceresis="F"
        info="NULL"
        skill=""/>
<Info code="P09" type="정예/물리" atktype="근거리" name="중장갑방패병-N형" hp="A/10000" atk="A/700" def="A/800" mdef="D/0" weight="3" movespeed="0.75" rang="0" atktime="2.6" hprecover="0" stunresis="F" silenceresis="F"
        info="NULL"
        skill=""/>
<Info code="P10" type="정예/물리" atktype="근거리" name="중장갑방패병-S형" hp="A/14000" atk="A/700" def="A/1000" mdef="D/0" weight="3" movespeed="0.75" rang="0" atktime="2.6" hprecover="0" stunresis="F" silenceresis="F"
        info="NULL"
        skill=""/>
  
<Info code="P1" type="일반/물리" atktype="근거리" name="숙주병사" hp="C/2500" atk="C/250" def="D/100" mdef="B/30" weight="1" movespeed="0.9" rang="2.5" atktime="1.8" hprecover="80" stunresis="F" silenceresis="F"
        info="NULL"
        skill="체력을 자연적으로 회복함 초당+80"/>
<Info code="P2" type="일반/물리" atktype="근거리" name="숙주병사 대장" hp="B/4000" atk="C/300" def="C/150" mdef="B/30" weight="1" movespeed="0.9" rang="2.5" atktime="1.8" hprecover="150" stunresis="F" silenceresis="F"
        info="NULL"
        skill="체력을 자연적으로 회복함 초당+150"/>
<Info code="P3" type="일반/물리" atktype="근거리" name="숙주수색자" hp="B/6000" atk="B/500" def="C/130" mdef="B/30" weight="2" movespeed="0.65" rang="2.5" atktime="3" hprecover="200" stunresis="F" silenceresis="F"
        info="NULL"
        skill="체력을 자연적으로 회복함 초당+200"/>
<Info code="P4" type="일반/물리" atktype="근거리" name="숙주방랑자" hp="A/11000" atk="A/650" def="C/130" mdef="B/30" weight="2" movespeed="0.65" rang="2.5" atktime="3" hprecover="250" stunresis="F" silenceresis="F"
        info="NULL"
        skill="체력을 자연적으로 회복함 초당+250"/>  

<Info code="P5" type="정예/물리" atktype="근거리" name="P5" hp="A/10000" atk="B/600" def="A/800" mdef="D/0" weight="3" movespeed="0.75" rang="0" atktime="2.6" hprecover="200" stunresis="F" silenceresis="F"
        info="NULL"
        skill="체력을 자연적으로 회복함 초당+200"/>
<Info code="P6" type="일반/물리" atktype="근거리" name="P6" hp="A/16000" atk="A/800" def="A/1000" mdef="D/0" weight="3" movespeed="0.75" rang="0" atktime="2.6" hprecover="250" stunresis="F" silenceresis="F"
        info="NULL"
        skill="체력을 자연적으로 회복함 초당+250"/>
<Info code="P7" type="정예/물리" atktype="근거리" name="P7" hp="A/20000" atk="A+/1000" def="C/200" mdef="B/30" weight="2" movespeed="1.2" rang="0" atktime="1.3" hprecover="0" stunresis="F" silenceresis="F"
        info="NULL"
        skill="체력을 자연적으로 회복함"/>
<Info code="P8" type="정예/물리" atktype="근거리" name="P8" hp="S/30000" atk="S/1750" def="C/230" mdef="B/30" weight="2" movespeed="1.2" rang="0" atktime="1.3" hprecover="0" stunresis="F" silenceresis="F"
        info="NULL"
        skill="체력을 자연적으로 회복함"/>
<Info code="P9" type="정예/물리" atktype="원거리" name="P9" hp="A/15000" atk="A/750" def="C/200" mdef="B/30" weight="2" movespeed="0.7" rang="2.6" atktime="2" hprecover="0" stunresis="F" silenceresis="F"
        info="NULL"
        skill="체력을 자연적으로 회복함"/>
<Info code="P10_1" type="정예/물리" atktype="원거리" name="P10" hp="S/22000" atk="A+/1050" def="C/220" mdef="B/30" weight="2" movespeed="0.7" rang="2.6" atktime="2" hprecover="0" stunresis="F" silenceresis="F"
        info="NULL"
        skill="체력을 자연적으로 회복함"/>
  
<Info code="PA1" type="정예/마법" atktype="근거리" name="요원" hp="B/6000" atk="C/300" def="C/150" mdef="A/50" weight="2" movespeed="0.9" rang="0" atktime="2" hprecover="0" stunresis="F" silenceresis="F"
        info="NULL"
        skill="공격 시 아군 저지 가능 수를 일시적으로 감소(-1)"/>
<Info code="PA2" type="정예/마법" atktype="근거리" name="요원 대장" hp="A/9000" atk="C/350" def="C/230" mdef="A/50" weight="2" movespeed="0.9" rang="0" atktime="2" hprecover="0" stunresis="F" silenceresis="F"
        info="NULL"
        skill="공격 시 아군 저지 가능 수를 일시적으로 감소(-1)"/>
  
<Info code="PB1" type="정예/물리" atktype="근거리" name="쇄암자" hp="A/10000" atk="A/750" def="D/100" mdef="B/40" weight="3" movespeed="0.75" rang="0" atktime="3.3" hprecover="0" stunresis="F" silenceresis="T"
        info="NULL"
        skill="저지당했을 경우 마법저항력 증가+40"/>
<Info code="PB2" type="정예/물리" atktype="근거리" name="쇄암자 리더" hp="A/13000" atk="A/900" def="D/100" mdef="B/40" weight="3" movespeed="0.75" rang="0" atktime="3.3" hprecover="0" stunresis="F" silenceresis="T"
        info="NULL"
        skill="저지당했을 경우 마법저항력 증가+50"/>

<Info code="PG1" type="일반" atktype="공격 없음" name="일개미" hp="C/2300" atk="D/100" def="C/120" mdef="B/40" weight="1" movespeed="1.2" rang="0" atktime="1" hprecover="0" stunresis="F" silenceresis="F"
        info="NULL"
        skill="저지 불가능"/>
<Info code="PG2" type="일반" atktype="공격 없음" name="일개미 리더" hp="B/3800" atk="D/100" def="C/260" mdef="B/45" weight="1" movespeed="1.2" rang="0" atktime="1" hprecover="0" stunresis="F" silenceresis="F"
        info="NULL"
        skill="저지 불가능"/>

<Info code="S1" type="일반/물리" atktype="근거리" name="살카즈 대검사" hp="B/7500" atk="B/600" def="C/230" mdef="A/50" weight="2" movespeed="0.85" rang="0" atktime="2" hprecover="0" stunresis="F" silenceresis="F"
        info="살카즈의 용병. 체내의 오리지늄으로 인해 신체 능력이 강화되었을 가능성이 있다. 이 때문에 더 큰 무기를 사용할 수 있게 되었고, 그만큼 쓰러뜨리기가 더욱 어려워졌다."
        skill=""/>
<Info code="S2" type="정예/물리" atktype="근거리" name="살카즈 검사 대장" hp="A/15000" atk="A/750" def="C/250" mdef="A/50" weight="2" movespeed="0.85" rang="0" atktime="2" hprecover="0" stunresis="F" silenceresis="F"
        info="살카즈의 용병. 체내의 오리지늄으로 인해 신체 능력이 강화되었을 가능성이 있다. 이 때문에 더 큰 무기를 사용할 수 있게 되었고, 그만큼 쓰러뜨리기가 더욱 어려워졌다."
        skill=""/>
<Info code="S3" type="일반/물리" atktype="원거리" name="살카즈 스나이퍼" hp="B/6000" atk="B/450" def="C/200" mdef="A/50" weight="2" movespeed="0.8" rang="2.2" atktime="3" hprecover="0" stunresis="F" silenceresis="F"
        info="살카즈의 용병. 거대한 몸집은 사격 능력에 전혀 영향을 주지 않았다. 오히려 다른 사람들보다 강한 육체를 활용하여, 더 막강한 위력의 원거리 무기를 운용할 수 있게 되었고, 그만큼 쓰러뜨리기가 더욱 어려워졌다."
        skill=""/>
<Info code="S4" type="정예/물리" atktype="원거리" name="살카즈 스나이퍼 대장" hp="A/12000" atk="B/570" def="C/200" mdef="A/50" weight="2" movespeed="0.8" rang="2.2" atktime="3" hprecover="0" stunresis="F" silenceresis="F"
        info="살카즈의 용병. 거대한 몸집은 사격 능력에 전혀 영향을 주지 않았다. 오히려 다른 사람들보다 강한 육체를 활용하여, 더 막강한 위력의 원거리 무기를 운용할 수 있게 되었고, 그만큼 쓰러뜨리기가 더욱 어려워졌다."
        skill=""/>
<Info code="S5" type="정예/마법" atktype="원거리" name="살카즈 캐스터" hp="A/12000" atk="B/500" def="C/200" mdef="A/50" weight="2" movespeed="0.8" rang="2.5" atktime="4" hprecover="0" stunresis="F" silenceresis="F"
        info="살카즈의 용병. 거대한 몸집은 사격 능력에 전혀 영향을 주지 않았다. 오히려 다른 사람들보다 강한 육체를 활용하여, 더 막강한 위력의 원거리 무기를 운용할 수 있게 되었고, 그만큼 쓰러뜨리기가 더욱 어려워졌다."
        skill="족쇄를 이용해서 대원에게 지속적인 피해를 가하며 기절시킴."/>
<Info code="S6" type="정예/마법" atktype="원거리" name="살카즈 캐스터 대장" hp="A/18000" atk="A/700" def="C/200" mdef="A/50" weight="2" movespeed="0.8" rang="2.5" atktime="4" hprecover="0" stunresis="F" silenceresis="F"
        info="살카즈의 용병. 거대한 몸집은 사격 능력에 전혀 영향을 주지 않았다. 오히려 다른 사람들보다 강한 육체를 활용하여, 더 막강한 위력의 원거리 무기를 운용할 수 있게 되었고, 그만큼 쓰러뜨리기가 더욱 어려워졌다."
        skill="족쇄를 이용해서 대원에게 지속적인 피해를 가하며 기절시킴."/>
  
<Info code="SC" type="보스/마법" atktype="원거리" name="살카즈 지휘관" hp="A/15000" atk="A/700" def="C/250" mdef="B/35" weight="5" movespeed="0.78" rang="2.35" atktime="5" hprecover="0" stunresis="F" silenceresis="F"
        info="NULL"
        skill="동시에 2명의 적을 공격 가능."/>
      
<Info code="SS" type="보스/물리" atktype="근거리 + 원거리" name="스컬슈레더" hp="S/10500" atk="A+/1000" def="C/150" mdef="B/30" weight="5" movespeed="0.6" rang="2.6" atktime="3" hprecover="0" stunresis="F" silenceresis="T"
        info="리유니온 돌격부대의 간부. 손에는 오리지늄 폭발물과 발사기를 들고 있지만, 보고에 의하면 기동력 또한 우수하여 근거리에서도 막대한 파괴력을 갖고 있다고 한다. 용문 시외에서 여러 차례 목격되었으며, 해당 구역에서 어떠한 특수 작전에 참여하고 있다는 정보가 있다."
        skill="저지당하고 있지 않을 때는 유탄을 발사하며, 공격이 목표에 명중 시 주위 유닛의 방어력이 0.5초간 -50%, 자신의 HP가 절반 이하로 내려갈 시 공격력+50%."/>

<Info code="T1" type="일반/물리" atktype="근거리" name="기술 정찰병" hp="B/7000" atk="C/270" def="D/100" mdef="C/20" weight="1" movespeed="1" rang="0" atktime="2.5" hprecover="0" stunresis="F" silenceresis="F"
        info="리유니온의 엔지니어 전투원. 갖고 있는 설비를 사용하여 범위내의 오퍼레이터와 설비 배치 상황을 정찰한다. 우선적으로 제압하도록 하자."
        skill="주변 아군 유닛의 스텔스 효과 무효화. 범위(3.3타일)"/>

<Info code="TA" type="보스/물리" atktype="근거리" name="탈룰라" hp="?/99999" atk="?/99999" def="?/99999" mdef="?/99999" weight="1" movespeed="1" rang="0" atktime="2.5" hprecover="0" stunresis="F" silenceresis="F"
        info="NULL"
        skill=""/>

<Info code="UM1" type="보스/마법" atktype="원거리" name="폼페이" hp="S/40000" atk="C/230" def="C/220" mdef="A/70" weight="4" movespeed="0.65" rang="3.5" atktime="3.5" hprecover="0" stunresis="F" silenceresis="T"
        info="NULL"
        skill="최대 4개의 목푤를 동시에 공격하고, 10초간 초당 20의 화상 피해를 준다. 저지당할 경우 자폭으로 1000의 피해를 입히고, 체력이 50% 이하로 떨어질 경우 공격 속도 +40"/>

<Info code="W" type="보스/물리" atktype="원거리" name="W" hp="A/10000" atk="B/470" def="D/100" mdef="A/50" weight="5" movespeed="1.2" rang="2.5" atktime="4" hprecover="0" stunresis="F" silenceresis="T"
        info="살카즈의 용병이자 리유니온의 간부이다. 라테라노의 총기를 닮은 무기를 휴대하고 있지만, 거의 폭발물과 투척물로만 공격한다. 대량의 활성 오리지늄 폭발물을 사용하여 전장을 측면부터 파괴하는 이러한 기이한 행동은 상대로 하여금 예측이 어렵게 만든다."
        skill="폭발물을 사용하여 대상에게 큰 물리 대미지를 입힌다."/>

<Info code="Y1" type="일반/물리" atktype="근거리" name="Y1" hp="C/3400" atk="B/360" def="D/100" mdef="D/0" weight="1" movespeed="1.1" rang="0" atktime="2" hprecover="0" stunresis="F" silenceresis="F"
        info="NULL"
        skill=""/>
<Info code="Y2" type="일반/물리" atktype="원거리" name="Y2" hp="C/2500" atk="C/290" def="D/80" mdef="D/0" weight="1" movespeed="0.9" rang="1.9" atktime="2.4" hprecover="0" stunresis="F" silenceresis="F"
        info="NULL"
        skill=""/>
<Info code="Y3" type="일반/물리" atktype="원거리" name="Y3" hp="C/3500" atk="B/360" def="D/100" mdef="D/0" weight="1" movespeed="0.9" rang="1.9" atktime="2.4" hprecover="0" stunresis="F" silenceresis="F"
        info="NULL"
        skill=""/>
<Info code="Y4" type="일반/마법" atktype="원거리" name="Y4" hp="B/5000" atk="C/320" def="C/200" mdef="A/50" weight="2" movespeed="0.8" rang="2.2" atktime="4.5" hprecover="0" stunresis="F" silenceresis="F"
        info="NULL"
        skill=""/>
<Info code="Y5" type="정예/마법" atktype="원거리" name="Y5" hp="B/8000" atk="B/400" def="C/250" mdef="A/50" weight="2" movespeed="0.8" rang="2.2" atktime="4" hprecover="0" stunresis="F" silenceresis="F"
        info="NULL"
        skill=""/>
<Info code="Y6" type="정예/마법" atktype="근거리" name="Y6" hp="B/16000" atk="A/830" def="B/500" mdef="C/20" weight="3" movespeed="0.7" rang="1.9" atktime="3" hprecover="0" stunresis="F" silenceresis="F"
        info="NULL"
        skill=""/>
<Info code="Y7" type="정예/마법" atktype="근거리" name="Y7" hp="S/25000" atk="A+/1100" def="B/600" mdef="C/20" weight="3" movespeed="0.7" rang="1.9" atktime="3" hprecover="0" stunresis="F" silenceresis="F"
        info="NULL"
        skill=""/>
</DataList>