<ChractorList>
  <Info_Default name="첸" rang="1" maxlevel="80" base_hp="1684" max_hp="2188" base_atk="361" max_atk="469" base_def="221" max_def="288" base_mdef="0" max_mdef="0" redeploy="70" cost="21" block="2" attack_time="1.3" />
  <Info_Default name="시즈" rang="1" maxlevel="80" base_hp="1199" max_hp="1643" base_atk="308" max_atk="422" base_def="227" max_def="307" base_mdef="0" max_mdef="0" redeploy="70" cost="14" block="2" attack_time="1.05" />
  <Info_Default name="샤이닝" rang="3" maxlevel="80" base_hp="1204" max_hp="1451" base_atk="296" max_atk="424" base_def="88" max_def="110" base_mdef="0" max_mdef="0" redeploy="70" cost="20" block="1" attack_time="2.85" />
  <Info_Default name="나이팅게일" rang="5" maxlevel="80" base_hp="1076" max_hp="1346" base_atk="210" max_atk="280" base_def="107" max_def="140" base_mdef="5" max_mdef="5" redeploy="70" cost="18" block="1" attack_time="2.85" />
  <Info_Default name="엑시아" rang="3" maxlevel="80" base_hp="1016" max_hp="1338" base_atk="305" max_atk="437" base_def="95" max_def="136" base_mdef="0" max_mdef="0" redeploy="70" cost="14" block="1" attack_time="1.0" />
  <Info_Default name="슈바르츠" rang="7" maxlevel="80" base_hp="1086" max_hp="1393" base_atk="490" max_atk="646" base_def="123" max_def="164" base_mdef="0" max_mdef="0" redeploy="70" cost="18" block="1" attack_time="1.6" />
  <Info_Default name="케오베" rang="2" maxlevel="80" base_hp="939" max_hp="1220" base_atk="420" max_atk="553" base_def="82" max_def="114" base_mdef="15" max_mdef="15" redeploy="70" cost="21" block="1" attack_time="1.6" />
  <Info_Default name="에이야퍄들라" rang="2" maxlevel="80" base_hp="1046" max_hp="1359" base_atk="406" max_atk="535" base_def="79" max_def="109" base_mdef="15" max_mdef="15" redeploy="70" cost="21" block="1" attack_time="1.6" />
  <Info_Default name="이프리트" rang="9" maxlevel="80" base_hp="982" max_hp="1276" base_atk="563" max_atk="722" base_def="79" max_def="109" base_mdef="15" max_mdef="15" redeploy="70" cost="34" block="1" attack_time="2.9" />
  <Info_Default name="모스티마" rang="7" maxlevel="80" base_hp="1080" max_hp="1350" base_atk="491" max_atk="630" base_def="80" max_def="110" base_mdef="15" max_mdef="15" redeploy="70" cost="34" block="1" attack_time="2.9" />
  <Info_Default name="블레이즈" rang="1" maxlevel="80" base_hp="1649" max_hp="2115" base_atk="429" max_atk="581" base_def="224" max_def="303" base_mdef="0" max_mdef="0" redeploy="70" cost="22" block="2" attack_time="1.2" />
  <Info_Default name="스카디" rang="1" maxlevel="80" base_hp="2060" max_hp="2785" base_atk="611" max_atk="774" base_def="167" max_def="220" base_mdef="0" max_mdef="0" redeploy="70" cost="19" block="1" attack_time="1.5" />
  <Info_Default name="실버애쉬" rang="10" maxlevel="80" base_hp="1536" max_hp="2022" base_atk="444" max_atk="577" base_def="259" max_def="329" base_mdef="10" max_mdef="10" redeploy="70" cost="20" block="2" attack_time="1.3" />
  <Info_Default name="헬라그" rang="1" maxlevel="80" base_hp="2179" max_hp="2868" base_atk="486" max_atk="632" base_def="220" max_def="283" base_mdef="0" max_mdef="0" redeploy="70" cost="24" block="1" attack_time="1.2" />
  <Info_Default name="호시구마" rang="1" maxlevel="80" base_hp="2165" max_hp="2849" base_atk="284" max_atk="356" base_def="384" max_def="527" base_mdef="0" max_mdef="0" redeploy="70" cost="21" block="3" attack_time="1.2" />
  <Info_Default name="사리아" rang="11" maxlevel="80" base_hp="1769" max_hp="2268" base_atk="287" max_atk="388" base_def="365" max_def="487" base_mdef="10" max_mdef="10" redeploy="70" cost="20" block="3" attack_time="1.2" />
  <Info_Default name="니엔" rang="1" maxlevel="80" base_hp="2080" max_hp="2737" base_atk="405" max_atk="513" base_def="380" max_def="529" base_mdef="0" max_mdef="0" redeploy="70" cost="21" block="3" attack_time="1.5" />
  <Info_Default name="안젤리나" rang="5" maxlevel="80" base_hp="863" max_hp="1108" base_atk="336" max_atk="449" base_def="77" max_def="100" base_mdef="20" max_mdef="20" redeploy="70" cost="16" block="1" attack_time="1.9" />
  <Info_Default name="마젤란" rang="2" maxlevel="80" base_hp="670" max_hp="871" base_atk="302" max_atk="403" base_def="87" max_def="116" base_mdef="20" max_mdef="20" redeploy="70" cost="12" block="1" attack_time="1.6" />
  <Info_Default name="아크" rang="3" maxlevel="80" base_hp="1236" max_hp="1627" base_atk="413" max_atk="583" base_def="90" max_def="121" base_mdef="10" max_mdef="10" redeploy="70" cost="13" block="1" attack_time="1.3" />
  <Info_Default name="텍사스" rang="1" maxlevel="70" base_hp="996" max_hp="1365" base_atk="299" max_atk="410" base_def="208" max_def="274" base_mdef="0" max_mdef="0" redeploy="70" cost="13" block="2" attack_time="1.05" />
  <Info_Default name="지마" rang="1" maxlevel="70" base_hp="1128" max_hp="1505" base_atk="274" max_atk="376" base_def="211" max_def="290" base_mdef="0" max_mdef="0" redeploy="70" cost="13" block="2" attack_time="1.05" />
  <Info_Default name="그라니" rang="1" maxlevel="70" base_hp="1219" max_hp="1564" base_atk="347" max_atk="463" base_def="231" max_def="300" base_mdef="0" max_mdef="0" redeploy="80" cost="14" block="1" attack_time="1" />
  <Info_Default name="리드" rang="1" maxlevel="70" base_hp="1209" max_hp="1550" base_atk="354" max_atk="472" base_def="229" max_def="298" base_mdef="0" max_mdef="0" redeploy="70" cost="12" block="1" attack_time="1" />
 
  <Info_Default name="익스큐터" rang="20" maxlevel="70" base_hp="1380" max_hp="1747" base_atk="468" max_atk="604" base_def="131" max_def="166" base_mdef="0" max_mdef="0" redeploy="70" cost="31" block="1" attack_time="2.3" />
  <Info_Default name="블루포이즌" rang="3" maxlevel="70" base_hp="767" max_hp="984" base_atk="297" max_atk="438" base_def="76" max_def="109" base_mdef="5" max_mdef="5" redeploy="70" cost="13" block="1" attack_time="1" />
  <Info_Default name="플래티넘" rang="3" maxlevel="70" base_hp="991" max_hp="1271" base_atk="285" max_atk="414" base_def="97" max_def="139" base_mdef="0" max_mdef="0" redeploy="70" cost="13" block="1" attack_time="1" />
  <Info_Default name="그레이스롯" rang="3" maxlevel="70" base_hp="954" max_hp="1224" base_atk="289" max_atk="420" base_def="89" max_def="128" base_mdef="0" max_mdef="0" redeploy="70" cost="13" block="1" attack_time="1" />
  <Info_Default name="메테오라이트" rang="12" maxlevel="70" base_hp="963" max_hp="1204" base_atk="539" max_atk="674" base_def="77" max_def="98" base_mdef="0" max_mdef="0" redeploy="70" cost="26" block="1" attack_time="2.8" />
  <Info_Default name="프로방스" rang="7" maxlevel="70" base_hp="995" max_hp="1276" base_atk="456" max_atk="601" base_def="117" max_def="156" base_mdef="0" max_mdef="0" redeploy="70" cost="17" block="1" attack_time="1.6" />
  <Info_Default name="파이어워치" rang="13" maxlevel="70" base_hp="928" max_hp="1160" base_atk="675" max_atk="889" base_def="85" max_def="107" base_mdef="0" max_mdef="0" redeploy="70" cost="21" block="1" attack_time="2.7" />

  <Info_Default name="브리즈" rang="5" maxlevel="70" base_hp="1008" max_hp="1260" base_atk="202" max_atk="274" base_def="97" max_def="126" base_mdef="0" max_mdef="0" redeploy="70" cost="17" block="1" attack_time="2.85" />
  <Info_Default name="실론" rang="21" maxlevel="70" base_hp="1050" max_hp="1251" base_atk="254" max_atk="353" base_def="80" max_def="100" base_mdef="5" max_mdef="5" redeploy="80" cost="22" block="1" attack_time="2.85" />
  <Info_Default name="프틸롭시스" rang="5" maxlevel="70" base_hp="1016" max_hp="1271" base_atk="198" max_atk="268" base_def="95" max_def="124" base_mdef="0" max_mdef="0" redeploy="70" cost="17" block="1" attack_time="2.85" />
  <Info_Default name="사일런스" rang="3" maxlevel="70" base_hp="1191" max_hp="1435" base_atk="273" max_atk="385" base_def="90" max_def="113" base_mdef="0" max_mdef="0" redeploy="70" cost="19" block="1" attack_time="2.85" />
  <Info_Default name="와파린" rang="3" maxlevel="70" base_hp="1135" max_hp="1368" base_atk="282" max_atk="404" base_def="80" max_def="100" base_mdef="0" max_mdef="0" redeploy="70" cost="19" block="1" attack_time="2.85" />
 
  <Info_Default name="아미야" rang="2" maxlevel="70" base_hp="958" max_hp="1198" base_atk="390" max_atk="514" base_def="81" max_def="110" base_mdef="15" max_mdef="15" redeploy="70" cost="20" block="1" attack_time="1.6" />
  <Info_Default name="레이즈" rang="2" maxlevel="70" base_hp="843" max_hp="1096" base_atk="370" max_atk="475" base_def="72" max_def="99" base_mdef="15" max_mdef="15" redeploy="70" cost="32" block="1" attack_time="2.3" />
  <Info_Default name="나이트메어" rang="2" maxlevel="70" base_hp="941" max_hp="1223" base_atk="396" max_atk="522" base_def="77" max_def="107" base_mdef="15" max_mdef="15" redeploy="70" cost="20" block="1" attack_time="1.6" />
  <Info_Default name="스카이파이어" rang="7" maxlevel="70" base_hp="954" max_hp="1193" base_atk="468" max_atk="600" base_def="74" max_def="102" base_mdef="15" max_mdef="15" redeploy="70" cost="33" block="1" attack_time="2.9" />

  <Info_Default name="아스테시아" rang="1" maxlevel="70" base_hp="1514" max_hp="1917" base_atk="411" max_atk="534" base_def="254" max_def="326" base_mdef="10" max_mdef="10" redeploy="70" cost="21" block="1" attack_time="1.25" />
  <Info_Default name="브로카" rang="1" maxlevel="70" base_hp="1365" max_hp="1751" base_atk="428" max_atk="579" base_def="222" max_def="300" base_mdef="0" max_mdef="0" redeploy="70" cost="21" block="2" attack_time="1.2" />
  <Info_Default name="플레임브링어" rang="1" maxlevel="70" base_hp="2033" max_hp="2786" base_atk="556" max_atk="704" base_def="123" max_def="161" base_mdef="0" max_mdef="0" redeploy="80" cost="20" block="1" attack_time="1.5" />
  <Info_Default name="프란카" rang="1" maxlevel="70" base_hp="1981" max_hp="2715" base_atk="563" max_atk="713" base_def="150" max_def="195" base_mdef="0" max_mdef="0" redeploy="70" cost="18" block="1" attack_time="1.5" />
  <Info_Default name="인드라" rang="1" maxlevel="70" base_hp="1448" max_hp="1857" base_atk="303" max_atk="405" base_def="217" max_def="294" base_mdef="0" max_mdef="0" redeploy="70" cost="10" block="1" attack_time="0.78" />
  <Info_Default name="새비지" rang="1" maxlevel="70" base_hp="1421" max_hp="1822" base_atk="395" max_atk="535" base_def="193" max_def="262" base_mdef="0" max_mdef="0" redeploy="70" cost="20" block="2" attack_time="1.2" />
  <Info_Default name="스펙터" rang="1" maxlevel="70" base_hp="1538" max_hp="1972" base_atk="407" max_atk="551" base_def="215" max_def="291" base_mdef="0" max_mdef="0" redeploy="70" cost="21" block="2" attack_time="1.2" />
  <Info_Default name="라플란드" rang="10" maxlevel="70" base_hp="1410" max_hp="1856" base_atk="426" max_atk="554" base_def="238" max_def="302" base_mdef="10" max_mdef="10" redeploy="70" cost="19" block="2" attack_time="1.3" />
  <Info_Default name="스와이어" rang="11" maxlevel="70" base_hp="964" max_hp="1252" base_atk="373" max_atk="498" base_def="273" max_def="346" base_mdef="0" max_mdef="0" redeploy="70" cost="16" block="2" attack_time="1.05" />

  <Info_Default name="바이슨" rang="14" maxlevel="70" base_hp="1941" max_hp="2522" base_atk="254" max_atk="318" base_def="367" max_def="504" base_mdef="0" max_mdef="0" redeploy="80" cost="22" block="3" attack_time="1.2" />
  <Info_Default name="운" rang="14" maxlevel="70" base_hp="1584" max_hp="2032" base_atk="261" max_atk="353" base_def="359" max_def="479" base_mdef="10" max_mdef="10" redeploy="70" cost="19" block="3" attack_time="1.2" />
  <Info_Default name="니어" rang="14" maxlevel="70" base_hp="1560" max_hp="2001" base_atk="273" max_atk="369" base_def="353" max_def="471" base_mdef="10" max_mdef="10" redeploy="70" cost="19" block="3" attack_time="1.2" />
  <Info_Default name="리스캄" rang="11" maxlevel="70" base_hp="1743" max_hp="2324" base_atk="281" max_atk="352" base_def="383" max_def="518" base_mdef="0" max_mdef="0" redeploy="70" cost="20" block="3" attack_time="1.2" />
  <Info_Default name="벌컨" rang="14" maxlevel="70" base_hp="2072" max_hp="2692" base_atk="479" max_atk="639" base_def="337" max_def="450" base_mdef="10" max_mdef="10" redeploy="70" cost="33" block="3" attack_time="1.6" />
  <Info_Default name="크루아상" rang="14" maxlevel="70" base_hp="1978" max_hp="2569" base_atk="258" max_atk="323" base_def="373" max_def="511" base_mdef="0" max_mdef="0" redeploy="70" cost="20" block="3" attack_time="1.2" />

  <Info_Default name="글라우쿠스" rang="5" maxlevel="70" base_hp="800" max_hp="1013" base_atk="314" max_atk="419" base_def="65" max_def="84" base_mdef="15" max_mdef="15" redeploy="70" cost="15" block="1" attack_time="1.9" />
  <Info_Default name="메이어" rang="2" maxlevel="70" base_hp="649" max_hp="843" base_atk="285" max_atk="380" base_def="80" max_def="107" base_mdef="20" max_mdef="20" redeploy="70" cost="11" block="1" attack_time="1.6" />
  <Info_Default name="프라마닉스" rang="15" maxlevel="70" base_hp="925" max_hp="1251" base_atk="277" max_atk="356" base_def="67" max_def="89" base_mdef="20" max_mdef="20" redeploy="70" cost="12" block="1" attack_time="1.6" />
  <Info_Default name="소라" rang="17" maxlevel="70" base_hp="742" max_hp="1017" base_atk="208" max_atk="278" base_def="142" max_def="190" base_mdef="0" max_mdef="0" redeploy="70" cost="7" block="1" attack_time="1.0" />
  <Info_Default name="이스티나" rang="5" maxlevel="70" base_hp="797" max_hp="1024" base_atk="321" max_atk="429" base_def="67" max_def="87" base_mdef="15" max_mdef="15" redeploy="70" cost="15" block="1" attack_time="1.9" />
  
  <Info_Default name="클리프하트" rang="18" maxlevel="70" base_hp="1152" max_hp="1497" base_atk="471" max_atk="612" base_def="219" max_def="289" base_mdef="0" max_mdef="0" redeploy="70" cost="13" block="2" attack_time="1.8" />
  <Info_Default name="에프이터" rang="1" maxlevel="70" base_hp="1136" max_hp="1439" base_atk="388" max_atk="518" base_def="240" max_def="317" base_mdef="0" max_mdef="0" redeploy="70" cost="20" block="2" attack_time="1.2" />
  <Info_Default name="맨티코어" rang="4" maxlevel="70" base_hp="1080" max_hp="1385" base_atk="511" max_atk="656" base_def="218" max_def="284" base_mdef="20" max_mdef="20" redeploy="70" cost="20" block="0" attack_time="3.5" />
  <Info_Default name="프로젝트 레드" rang="1" maxlevel="70" base_hp="938" max_hp="1173" base_atk="301" max_atk="413" base_def="194" max_def="253" base_mdef="0" max_mdef="0" redeploy="18" cost="9" block="1" attack_time="0.93" />
  <Info_Default name="스노우상트" rang="18" maxlevel="70" base_hp="1073" max_hp="1394" base_atk="458" max_atk="596" base_def="228" max_def="301" base_mdef="0" max_mdef="0" redeploy="80" cost="15" block="2" attack_time="1.8" />

  <Info_Default name="쿠리어" rang="1" maxlevel="60" base_hp="1083" max_hp="1389" base_atk="254" max_atk="348" base_def="196" max_def="273" base_mdef="0" max_mdef="0" redeploy="70" cost="12" block="2" attack_time="1.05" />
  <Info_Default name="머틀" rang="1" maxlevel="60" base_hp="902" max_hp="1142" base_atk="331" max_atk="436" base_def="193" max_def="255" base_mdef="0" max_mdef="0" redeploy="70" cost="10" block="1" attack_time="1.3" />
  <Info_Default name="스캐빈저" rang="1" maxlevel="60" base_hp="937" max_hp="1284" base_atk="281" max_atk="385" base_def="198" max_def="255" base_mdef="0" max_mdef="0" redeploy="70" cost="12" block="2" attack_time="1.05" />
  <Info_Default name="비그나" rang="1" maxlevel="60" base_hp="1006" max_hp="1291" base_atk="355" max_atk="468" base_def="218" max_def="287" base_mdef="0" max_mdef="0" redeploy="70" cost="11" block="1" attack_time="1" />

  <Info_Default name="엠브리엘" rang="13" maxlevel="60" base_hp="1020" max_hp="1276" base_atk="608" max_atk="801" base_def="80" max_def="100" base_mdef="0" max_mdef="0" redeploy="70" cost="20" block="1" attack_time="2.7" />
  <Info_Default name="제시카" rang="3" maxlevel="60" base_hp="864" max_hp="1108" base_atk="272" max_atk="389" base_def="91" max_def="130" base_mdef="0" max_mdef="0" redeploy="70" cost="12" block="1" attack_time="1" />
  <Info_Default name="메이" rang="3" maxlevel="60" base_hp="1043" max_hp="1338" base_atk="273" max_atk="391" base_def="61" max_def="88" base_mdef="0" max_mdef="0" redeploy="70" cost="12" block="1" attack_time="1" />
  <Info_Default name="메테오" rang="3" maxlevel="60" base_hp="875" max_hp="1123" base_atk="266" max_atk="381" base_def="97" max_def="139" base_mdef="0" max_mdef="0" redeploy="70" cost="12" block="1" attack_time="1" />
  <Info_Default name="시라유키" rang="12" maxlevel="60" base_hp="1043" max_hp="1304" base_atk="496" max_atk="621" base_def="66" max_def="84" base_mdef="0" max_mdef="0" redeploy="70" cost="25" block="1" attack_time="2.8" />
  <Info_Default name="버메일" rang="3" maxlevel="60" base_hp="786" max_hp="1008" base_atk="277" max_atk="397" base_def="95" max_def="136" base_mdef="0" max_mdef="0" redeploy="70" cost="12" block="1" attack_time="1" />

  <Info_Default name="가비알" rang="3" maxlevel="60" base_hp="1167" max_hp="1374" base_atk="262" max_atk="364" base_def="96" max_def="121" base_mdef="0" max_mdef="0" redeploy="70" cost="18" block="1" attack_time="2.85" />
  <Info_Default name="미르" rang="3" maxlevel="60" base_hp="1060" max_hp="1278" base_atk="264" max_atk="372" base_def="83" max_def="104" base_mdef="0" max_mdef="0" redeploy="70" cost="18" block="1" attack_time="2.85" />
  <Info_Default name="퍼퓨머" rang="5" maxlevel="60" base_hp="960" max_hp="1232" base_atk="189" max_atk="256" base_def="92" max_def="120" base_mdef="0" max_mdef="0" redeploy="70" cost="16" block="1" attack_time="2.85" />
  <Info_Default name="퓨어스트림" rang="21" maxlevel="60" base_hp="985" max_hp="1173" base_atk="247" max_atk="344" base_def="75" max_def="94" base_mdef="5" max_mdef="5" redeploy="80" cost="19" block="1" attack_time="2.85" />
  <Info_Default name="수수루" rang="3" maxlevel="60" base_hp="994" max_hp="1170" base_atk="284" max_atk="395" base_def="77" max_def="97" base_mdef="0" max_mdef="0" redeploy="70" cost="18" block="1" attack_time="2.85" />

  <Info_Default name="기타노" rang="7" maxlevel="60" base_hp="889" max_hp="1155" base_atk="428" max_atk="549" base_def="72" max_def="99" base_mdef="15" max_mdef="15" redeploy="70" cost="32" block="1" attack_time="2.9" />
  <Info_Default name="그레이" rang="7" maxlevel="60" base_hp="850" max_hp="1105" base_atk="421" max_atk="541" base_def="79" max_def="109" base_mdef="15" max_mdef="15" redeploy="70" cost="32" block="1" attack_time="2.9" />
  <Info_Default name="헤이즈" rang="2" maxlevel="60" base_hp="885" max_hp="1150" base_atk="362" max_atk="483" base_def="71" max_def="98" base_mdef="15" max_mdef="15" redeploy="70" cost="19" block="1" attack_time="1.6" />

  <Info_Default name="비헌터" rang="1" maxlevel="60" base_hp="1365" max_hp="1750" base_atk="296" max_atk="395" base_def="191" max_def="262" base_mdef="0" max_mdef="0" redeploy="70" cost="9" block="1" attack_time="0.78" />
  <Info_Default name="도베르만" rang="11" maxlevel="60" base_hp="1019" max_hp="1324" base_atk="342" max_atk="457" base_def="252" max_def="320" base_mdef="0" max_mdef="0" redeploy="70" cost="15" block="2" attack_time="1.05" />
  <Info_Default name="에스텔" rang="1" maxlevel="60" base_hp="1462" max_hp="1875" base_atk="387" max_atk="524" base_def="190" max_def="258" base_mdef="0" max_mdef="0" redeploy="70" cost="20" block="2" attack_time="1.2" />
  <Info_Default name="프로스트리프" rang="10" maxlevel="60" base_hp="1356" max_hp="1785" base_atk="400" max_atk="534" base_def="211" max_def="268" base_mdef="10" max_mdef="10" redeploy="70" cost="18" block="2" attack_time="1.3" />
  <Info_Default name="마토이마루" rang="1" maxlevel="60" base_hp="1925" max_hp="2567" base_atk="553" max_atk="709" base_def="100" max_def="131" base_mdef="0" max_mdef="0" redeploy="70" cost="17" block="1" attack_time="1.5" />
  <Info_Default name="무스" rang="1" maxlevel="60" base_hp="1407" max_hp="1782" base_atk="396" max_atk="515" base_def="230" max_def="296" base_mdef="10" max_mdef="10" redeploy="70" cost="20" block="1" attack_time="1.25" />
 
  <Info_Default name="쿠오라" rang="14" maxlevel="60" base_hp="1629" max_hp="2173" base_atk="248" max_atk="310" base_def="372" max_def="503" base_mdef="0" max_mdef="0" redeploy="70" cost="19" block="3" attack_time="1.2" />
  <Info_Default name="두르나르" rang="14" maxlevel="60" base_hp="1623" max_hp="2165" base_atk="349" max_atk="466" base_def="324" max_def="438" base_mdef="10" max_mdef="10" redeploy="70" cost="22" block="3" attack_time="1.6" />
  <Info_Default name="마터호른" rang="14" maxlevel="60" base_hp="1698" max_hp="2264" base_atk="254" max_atk="318" base_def="361" max_def="489" base_mdef="5" max_mdef="5" redeploy="70" cost="19" block="3" attack_time="1.2" />
  <Info_Default name="굼" rang="14" maxlevel="60" base_hp="1432" max_hp="1836" base_atk="257" max_atk="348" base_def="345" max_def="460" base_mdef="10" max_mdef="10" redeploy="70" cost="18" block="3" attack_time="1.2" />

  <Info_Default name="딥컬러" rang="2" maxlevel="60" base_hp="638" max_hp="829" base_atk="259" max_atk="346" base_def="77" max_def="103" base_mdef="10" max_mdef="10" redeploy="70" cost="10" block="1" attack_time="1.6" />
  <Info_Default name="어스스피릿" rang="5" maxlevel="60" base_hp="751" max_hp="964" base_atk="298" max_atk="398" base_def="66" max_def="85" base_mdef="15" max_mdef="15" redeploy="70" cost="14" block="1" attack_time="1.9" />

  <Info_Default name="에단" rang="4" maxlevel="60" base_hp="1014" max_hp="1300" base_atk="468" max_atk="601" base_def="214" max_def="279" base_mdef="20" max_mdef="20" redeploy="70" cost="19" block="0" attack_time="3.5" />
  <Info_Default name="그라벨" rang="1" maxlevel="60" base_hp="885" max_hp="1107" base_atk="256" max_atk="352" base_def="216" max_def="281" base_mdef="0" max_mdef="0" redeploy="18" cost="8" block="1" attack_time="0.93" />
  <Info_Default name="로프" rang="18" maxlevel="60" base_hp="1006" max_hp="1307" base_atk="448" max_atk="582" base_def="209" max_def="276" base_mdef="0" max_mdef="0" redeploy="70" cost="12" block="2" attack_time="1.8" />
  <Info_Default name="쇼" rang="1" maxlevel="60" base_hp="1099" max_hp="1392" base_atk="351" max_atk="469" base_def="229" max_def="302" base_mdef="0" max_mdef="0" redeploy="70" cost="19" block="2" attack_time="1.2" />

  <Info_Default name="팽" rang="1" maxlevel="55" base_hp="1060" max_hp="1325" base_atk="235" max_atk="325" base_def="187" max_def="260" base_mdef="0" max_mdef="0" redeploy="70" cost="11" block="2" attack_time="1.05" />
  <Info_Default name="플룸" rang="1" maxlevel="55" base_hp="956" max_hp="1226" base_atk="333" max_atk="445" base_def="212" max_def="279" base_mdef="0" max_mdef="0" redeploy="70" cost="10" block="1" attack_time="1" />
  <Info_Default name="바닐라" rang="1" maxlevel="55" base_hp="1016" max_hp="1270" base_atk="248" max_atk="355" base_def="184" max_def="240" base_mdef="0" max_mdef="0" redeploy="70" cost="11" block="2" attack_time="1.05" />
  <Info_Default name="아드나키엘" rang="3" maxlevel="55" base_hp="831" max_hp="1080" base_atk="251" max_atk="365" base_def="93" max_def="134" base_mdef="0" max_mdef="0" redeploy="70" cost="11" block="1" attack_time="1" />
  <Info_Default name="캐터펄트" rang="19" maxlevel="55" base_hp="920" max_hp="1150" base_atk="487" max_atk="617" base_def="67" max_def="85" base_mdef="0" max_mdef="0" redeploy="70" cost="23" block="1" attack_time="2.8" />
  <Info_Default name="크루스" rang="3" maxlevel="55" base_hp="826" max_hp="1060" base_atk="258" max_atk="375" base_def="88" max_def="126" base_mdef="0" max_mdef="0" redeploy="70" cost="11" block="1" attack_time="1" />
  <Info_Default name="안셀" rang="3" maxlevel="55" base_hp="907" max_hp="1135" base_atk="257" max_atk="362" base_def="81" max_def="109" base_mdef="0" max_mdef="0" redeploy="70" cost="17" block="1" attack_time="2.85" />
  <Info_Default name="히비스커스" rang="3" maxlevel="55" base_hp="975" max_hp="1220" base_atk="248" max_atk="345" base_def="82" max_def="110" base_mdef="0" max_mdef="0" redeploy="70" cost="17" block="1" attack_time="2.85" />
  <Info_Default name="라바" rang="7" maxlevel="55" base_hp="823" max_hp="1070" base_atk="417" max_atk="535" base_def="69" max_def="95" base_mdef="15" max_mdef="15" redeploy="70" cost="30" block="1" attack_time="2.9" />
  <Info_Default name="스튜어드" rang="2" maxlevel="55" base_hp="847" max_hp="1100" base_atk="357" max_atk="470" base_def="65" max_def="90" base_mdef="15" max_mdef="15" redeploy="70" cost="18" block="1" attack_time="1.6" />
  
  <Info_Default name="멜란사" rang="1" maxlevel="55" base_hp="1903" max_hp="2620" base_atk="531" max_atk="673" base_def="119" max_def="155" base_mdef="0" max_mdef="0" redeploy="70" cost="15" block="1" attack_time="1.5" />
  <Info_Default name="미드나이트" rang="10" maxlevel="55" base_hp="1256" max_hp="1653" base_atk="372" max_atk="497" base_def="222" max_def="282" base_mdef="10" max_mdef="10" redeploy="70" cost="16" block="2" attack_time="1.3" />
  <Info_Default name="포푸카" rang="1" maxlevel="55" base_hp="1449" max_hp="1858" base_atk="366" max_atk="495" base_def="181" max_def="245" base_mdef="0" max_mdef="0" redeploy="70" cost="19" block="2" attack_time="1.2" />

  <Info_Default name="비글" rang="14" maxlevel="55" base_hp="1526" max_hp="2035" base_atk="236" max_atk="295" base_def="362" max_def="490" base_mdef="0" max_mdef="0" redeploy="70" cost="18" block="3" attack_time="1.2" />
  <Info_Default name="카디건" rang="14" maxlevel="55" base_hp="1597" max_hp="2130" base_atk="244" max_atk="305" base_def="342" max_def="475" base_mdef="0" max_mdef="0" redeploy="70" cost="18" block="3" attack_time="1.2" />
  <Info_Default name="스팟" rang="14" maxlevel="55" base_hp="1429" max_hp="1833" base_atk="236" max_atk="320" base_def="331" max_def="442" base_mdef="10" max_mdef="10" redeploy="70" cost="17" block="3" attack_time="1.2" />

  <Info_Default name="오키드" rang="5" maxlevel="55" base_hp="738" max_hp="935" base_atk="283" max_atk="378" base_def="64" max_def="83" base_mdef="15" max_mdef="15" redeploy="70" cost="12" block="1" attack_time="1.9" />
</ChractorList>