<DataList>
  <Info code="Siege" language="KR">
    <Audio code="St_1" name="획득" info="테스트엔 합격한 거겠지? 그럼 임무를 다오. 이 해머는 그냥 놀려두기엔 너무 아까운 물건이라 말이야. 코드네임? 다들 시즈라고 하더군. 기억하긴 어려워도 나쁘지 않은 이름이지." />
    <Audio code="Hi_1" name="인사" info="음, 박사인가." />

    <Audio code="Ta_1" name="대화 1" info="침착하게, 앞으로 나아가라." />
    <Audio code="Ta_2" name="대화 2" info="예전엔 더 괜찮은 식사를 하곤 했었는데... 인드라 녀석들과 만나고부터는...... 이거 꼴이 말이 아니구먼." />
    <Audio code="Ta_3" name="대화 3" info="꿈을 꿨다... 태양이 뜨는 꿈을... 그리고 그 지평선 너머에 있는 내 고향...... 이제 두 번 다시 돌아갈 수 없을지도 모르지." />
    <Audio code="Ta_el_1" name="1차 정예화 후 대사" info="어느샌가, 정처 없이 떠도는 생활에도 익숙해져 버렸어. 신기한 일이지...... 옛날의 내겐 상상도 못 할 일이었는데 말이야." />
    <Audio code="Ta_el_2" name="2차 정예화 후 대사" info="가웨인 녀석들과는...… 만났다기보단, 그들이 날 주웠다고 해야겠지......" />
    <Audio code="Ta_tr_1" name="신뢰도 상승 후 대사 1" info="인드라 녀석들이랑은 빅토리아의 거리에서 함께 싸운 적이 있었어. ...... 생각해 보면, 이것도 소중한 추억 중 하나일지 모르지." />
    <Audio code="Ta_tr_2" name="신뢰도 상승 후 대사 2" info="경계를 늦추지 마...! 충분히 주의하고 있는 건 알지만, 우리 몇 사람 힘으로는 어떻게 해 볼 수 없는 일도 있기 마련이니." />
    <Audio code="Ta_tr_3" name="신뢰도 상승 후 대사 3" info="도망칠 곳 없는 어려운 문제를 마주하게 된다면... 내게도 생각이 있지. 그때는 박사, 네 녀석도 내...... 아니, 아무것도 아니다." />

    <Audio code="Ma_1" name="어시스턴트 임명" info="임무 배정은 아직도 끝나지 않았나? 조금만 더 기다려 주지..." />
    <Audio code="Ma_idle_1" name="방치" info="......음? 자는 건가? 박사...... 네 녀석도 고향의 꿈을 꾸는 때가 있을까." />
    <Audio code="Ma_2" name="작전 기록 학습" info="느낌 좋은데." />
    <Audio code="Ma_el_1" name="1차 정예화 시" info="승진? 호오..." />
    <Audio code="Ma_el_2" name="2차 정예화 시" info="또 승진이라고? 그런가, 고맙군. 생각해 보면 참 묘하단 말이지...... 예전엔 나도 계급을 내려주는 쪽의 인간이었으니 말이야." />
    <Audio code="Ma_team_1" name="팀 배치" info="이건, 꼭 해야하는 싸움인가?" />
    <Audio code="Ma_team_2" name="팀장 임명" info="내 싸우는 법, 똑똑히 기억해 둬라." />
    <Audio code="Ma_ifr_1" name="시설에 배치" info="여기서 잠깐 자도 될까?" />
    <Audio code="Ma_tc_1" name="터치" info="쳇." />
    <Audio code="Ma_tc_2" name="신뢰도 터치" info="밖은 시끄러워 못 참겠어...... 그에 비해 박사의 집무실은 조용해서 좋군, 잠깐 있다 가게 해줘." />

    <Audio code="Bt_1" name="작전 출발" info="빠져나간 못 하나가, 한 나라의 왕을 죽이는 경우도 있지." />
    <Audio code="Bt_2" name="작전 개시" info="도망치는 게 좋을 거다. 죽는 것보다는 겁쟁이라 불리는 편이 그나마 나을 테니까." />
    <Audio code="Bt_op_1" name="오퍼레이터 선택 1" info="호오?" />
    <Audio code="Bt_op_2" name="오퍼레이터 선택 2" info="준비는 됐나?" />
    <Audio code="Bt_s_1" name="배치 1" info="귀찮군." />
    <Audio code="Bt_s_2" name="배치 2" info="한 번에 끝내주지." />
    <Audio code="Bt_in_1" name="작전 중 1" info="내 무기는 아무나 다룰 수 있는 게 아니야." />
    <Audio code="Bt_in_2" name="작전 중 2" info="꺼져." />
    <Audio code="Bt_in_3" name="작전 중 3" info="전장에 나선 이상, 죽을 각오는 해두라고!" />
    <Audio code="Bt_in_4" name="전투 중 4" info="네 녀석이 죽고 사는 건 내가 정한다." />
    <Audio code="Bt_end_1" name="작전 종료 - 하드모드" info="겉만 번지르르한 전술로는 내 일격을 견디지 못할 거다." />
    <Audio code="Bt_end_2" name="작전 종료 - 3★" info="투항하지 않는 놈들은 용서하지 않겠다." />
    <Audio code="Bt_end_3" name="작전 종료 - 1★,2★" info="이걸로 끝인가?" />
    <Audio code="Bt_end_4" name="작전 실패" info="생각보다...... 피로가 쌓여있었나 보군...... 미안하게 됐다." />
  </Info>
</DataList>