<ChractorList>
  <Event>
    <Info date="2020년 2월 21일 04:00 AM ~ 3월 6일 03:59 AM  진행중" per="2/8/50/40" fileName="003_Eyjafjalla.png"/>
    <Up rare6="에이야퍄들라/이프리트" rare5="사일런스/라플란드/메이어"/>
    <Operator rare6="엑시아/시즈/안젤리나/샤이닝/나이팅게일/호시구마/사리아/실버애쉬/스카디"
              rare5="프틸롭시스/지마/텍사스/프란카/스펙터/블루포이즌/플래티넘/메테오라이트/스카이파이어/와파린/니어/프로젝트 레드/리스캄/크루아상/프로방스/파이어워치/클리프하트/프라마닉스/이스티나/소라/맨티코어/에프이터/나이트메어"
              rare4="헤이즈/기타노/제시카/메테오/시라유키/스캐빈저/비그나/도베르만/마토이마루/프로스트리프/무스/그라벨/로프/미르/퍼퓨머/마터호른/쿠오라/굼/딥컬러/어스스피릿/쇼"
              rare3="팽/바닐라/플룸/멜란사/카디건/비글/크루스/라바/히비스커스/안셀/스튜어드/오키드/캐터펄트"/>
  </Event>
  <Event>
    <Info date="2020년 2월 26일 16:00 ~ 3월 11일 03:59 대기중" per="2/8/50/40" fileName="004_Chen.png"/>
    <Up rare6="첸" rare5="에프이터"/>
    <Operator rare6="에이야퍄들라/이프리트/엑시아/시즈/안젤리나/샤이닝/나이팅게일/호시구마/사리아/실버애쉬/스카디"
              rare5="사일런스/라플란드/메이어/프틸롭시스/지마/텍사스/프란카/스펙터/블루포이즌/플래티넘/메테오라이트/스카이파이어/와파린/니어/프로젝트 레드/리스캄/크루아상/프로방스/파이어워치/클리프하트/프라마닉스/이스티나/소라/맨티코어/에프이터/나이트메어"
              rare4="헤이즈/기타노/제시카/메테오/시라유키/스캐빈저/비그나/도베르만/마토이마루/프로스트리프/무스/그라벨/로프/미르/퍼퓨머/마터호른/쿠오라/굼/딥컬러/어스스피릿/쇼"
              rare3="팽/바닐라/플룸/멜란사/카디건/비글/크루스/라바/히비스커스/안셀/스튜어드/오키드/캐터펄트"/>
  </Event>
</ChractorList>