<ChractorList>
  <Info_Default name="첸" rang="1" maxlevel="50" base_hp="1229" max_hp="1684" base_atk="249" max_atk="361" base_def="154" max_def="221" base_mdef="0" max_mdef="0" redeploy="70" cost="19" block="2" attack_time="1.3" />
  <Info_Default name="시즈" rang="1" maxlevel="50" base_hp="911" max_hp="1199" base_atk="212" max_atk="308" base_def="154" max_def="227" base_mdef="0" max_mdef="0" redeploy="70" cost="12" block="2" attack_time="1.05" />
  <Info_Default name="샤이닝" rang="2" maxlevel="50" base_hp="854" max_hp="1204" base_atk="180" max_atk="296" base_def="60" max_def="88" base_mdef="0" max_mdef="0" redeploy="70" cost="18" block="1" attack_time="2.85" />
  <Info_Default name="나이팅게일" rang="4" maxlevel="50" base_hp="796" max_hp="1076" base_atk="132" max_atk="210" base_def="80" max_def="107" base_mdef="5" max_mdef="5" redeploy="70" cost="16" block="1" attack_time="2.85" />
  <Info_Default name="엑시아" rang="2" maxlevel="50" base_hp="711" max_hp="1016" base_atk="183" max_atk="305" base_def="57" max_def="95" base_mdef="0" max_mdef="0" redeploy="70" cost="12" block="1" attack_time="1.0" />
  <Info_Default name="슈바르츠" rang="6" maxlevel="50" base_hp="781" max_hp="1086" base_atk="357" max_atk="490" base_def="86" max_def="123" base_mdef="0" max_mdef="0" redeploy="70" cost="16" block="1" attack_time="1.6" />
  <Info_Default name="케오베" rang="7" maxlevel="50" base_hp="657" max_hp="939" base_atk="302" max_atk="420" base_def="48" max_def="82" base_mdef="10" max_mdef="10" redeploy="70" cost="19" block="1" attack_time="1.6" />
  <Info_Default name="에이야퍄들라" rang="7" maxlevel="50" base_hp="732" max_hp="1046" base_atk="292" max_atk="406" base_def="46" max_def="79" base_mdef="10" max_mdef="10" redeploy="70" cost="19" block="1" attack_time="1.6" />
  <Info_Default name="이프리트" rang="8" maxlevel="50" base_hp="687" max_hp="982" base_atk="377" max_atk="563" base_def="52" max_def="79" base_mdef="10" max_mdef="10" redeploy="70" cost="31" block="1" attack_time="2.9" />
  <Info_Default name="모스티마" rang="6" maxlevel="50" base_hp="777" max_hp="1080" base_atk="348" max_atk="491" base_def="52" max_def="80" base_mdef="10" max_mdef="10" redeploy="70" cost="31" block="1" attack_time="2.9" />
  <Info_Default name="블레이즈" rang="1" maxlevel="50" base_hp="1286" max_hp="1649" base_atk="308" max_atk="429" base_def="156" max_def="224" base_mdef="0" max_mdef="0" redeploy="70" cost="20" block="2" attack_time="1.2" />
  <Info_Default name="스카디" rang="1" maxlevel="50" base_hp="1442" max_hp="2060" base_atk="415" max_atk="611" base_def="116" max_def="167" base_mdef="0" max_mdef="0" redeploy="70" cost="17" block="1" attack_time="1.5" />
  <Info_Default name="실버애쉬" rang="6" maxlevel="50" base_hp="1075" max_hp="1536" base_atk="297" max_atk="444" base_def="189" max_def="259" base_mdef="5" max_mdef="5" redeploy="70" cost="18" block="2" attack_time="1.3" />
  <Info_Default name="헬라그" rang="1" maxlevel="50" base_hp="1568" max_hp="2179" base_atk="340" max_atk="486" base_def="160" max_def="220" base_mdef="0" max_mdef="0" redeploy="70" cost="22" block="1" attack_time="1.2" />
  <Info_Default name="호시구마" rang="1" maxlevel="50" base_hp="1602" max_hp="2165" base_atk="221" max_atk="284" base_def="257" max_def="384" base_mdef="0" max_mdef="0" redeploy="70" cost="19" block="3" attack_time="1.2" />
  <Info_Default name="사리아" rang="11" maxlevel="50" base_hp="1309" max_hp="1769" base_atk="200" max_atk="287" base_def="248" max_def="365" base_mdef="10" max_mdef="10" redeploy="70" cost="18" block="2" attack_time="1.2" />
  <Info_Default name="니엔" rang="1" maxlevel="50" base_hp="1539" max_hp="2080" base_atk="295" max_atk="405" base_def="254" max_def="380" base_mdef="0" max_mdef="0" redeploy="70" cost="19" block="3" attack_time="1.5" />
  <Info_Default name="안젤리나" rang="5" maxlevel="50" base_hp="629" max_hp="863" base_atk="228" max_atk="336" base_def="53" max_def="77" base_mdef="15" max_mdef="15" redeploy="70" cost="14" block="1" attack_time="1.9" />
  <Info_Default name="마젤란" rang="7" maxlevel="50" base_hp="495" max_hp="670" base_atk="211" max_atk="302" base_def="60" max_def="87" base_mdef="15" max_mdef="15" redeploy="70" cost="10" block="1" attack_time="1.6" />
  <Info_Default name="아크" rang="2" maxlevel="50" base_hp="865" max_hp="1236" base_atk="247" max_atk="413" base_def="58" max_def="90" base_mdef="10" max_mdef="10" redeploy="70" cost="11" block="1" attack_time="1.3" />
  <Info_Default name="텍사스" rang="1" maxlevel="50" base_hp="727" max_hp="996" base_atk="203" max_atk="299" base_def="139" max_def="208" base_mdef="0" max_mdef="0" redeploy="70" cost="11" block="2" attack_time="1.05" />
  <Info_Default name="지마" rang="1" maxlevel="50" base_hp="812" max_hp="1128" base_atk="183" max_atk="274" base_def="147" max_def="211" base_mdef="0" max_mdef="0" redeploy="70" cost="11" block="2" attack_time="1.05" />
  <Info_Default name="그라니" rang="1" maxlevel="50" base_hp="877" max_hp="1219" base_atk="235" max_atk="347" base_def="166" max_def="231" base_mdef="0" max_mdef="0" redeploy="80" cost="12" block="1" attack_time="1" />
  <Info_Default name="리드" rang="1" maxlevel="50" base_hp="870" max_hp="1209" base_atk="240" max_atk="354" base_def="164" max_def="229" base_mdef="0" max_mdef="0" redeploy="70" cost="10" block="1" attack_time="1" />
 
  <Info_Default name="익스큐터" rang="19" maxlevel="50" base_hp="1035" max_hp="1380" base_atk="327" max_atk="468" base_def="100" max_def="131" base_mdef="0" max_mdef="0" redeploy="70" cost="28" block="1" attack_time="2.3" />
  <Info_Default name="블루포이즌" rang="2" maxlevel="50" base_hp="536" max_hp="767" base_atk="178" max_atk="297" base_def="45" max_def="76" base_mdef="5" max_mdef="5" redeploy="70" cost="11" block="1" attack_time="1" />
  <Info_Default name="플래티넘" rang="2" maxlevel="50" base_hp="693" max_hp="991" base_atk="171" max_atk="285" base_def="58" max_def="97" base_mdef="0" max_mdef="0" redeploy="70" cost="11" block="1" attack_time="1" />
  <Info_Default name="그레이스롯" rang="2" maxlevel="50" base_hp="667" max_hp="954" base_atk="173" max_atk="289" base_def="53" max_def="89" base_mdef="0" max_mdef="0" redeploy="70" cost="11" block="1" attack_time="1" />
  <Info_Default name="메테오라이트" rang="3" maxlevel="50" base_hp="770" max_hp="963" base_atk="377" max_atk="539" base_def="59" max_def="77" base_mdef="0" max_mdef="0" redeploy="70" cost="24" block="1" attack_time="2.8" />
  <Info_Default name="프로방스" rang="6" maxlevel="50" base_hp="716" max_hp="995" base_atk="332" max_atk="456" base_def="81" max_def="117" base_mdef="0" max_mdef="0" redeploy="70" cost="15" block="1" attack_time="1.6" />
  <Info_Default name="파이어워치" rang="3" maxlevel="50" base_hp="714" max_hp="928" base_atk="486" max_atk="675" base_def="63" max_def="85" base_mdef="0" max_mdef="0" redeploy="70" cost="19" block="1" attack_time="2.7" />

  <Info_Default name="브리즈" rang="4" maxlevel="50" base_hp="745" max_hp="1008" base_atk="125" max_atk="202" base_def="72" max_def="97" base_mdef="0" max_mdef="0" redeploy="70" cost="15" block="1" attack_time="2.85" />
  <Info_Default name="실론" rang="3" maxlevel="50" base_hp="798" max_hp="1050" base_atk="154" max_atk="254" base_def="55" max_def="80" base_mdef="5" max_mdef="5" redeploy="80" cost="20" block="1" attack_time="2.85" />
  <Info_Default name="프틸롭시스" rang="4" maxlevel="50" base_hp="751" max_hp="1016" base_atk="122" max_atk="198" base_def="71" max_def="95" base_mdef="0" max_mdef="0" redeploy="70" cost="15" block="1" attack_time="2.85" />
  <Info_Default name="사일런스" rang="2" maxlevel="50" base_hp="845" max_hp="1191" base_atk="166" max_atk="273" base_def="62" max_def="90" base_mdef="0" max_mdef="0" redeploy="70" cost="17" block="1" attack_time="2.85" />
  <Info_Default name="와파린" rang="2" maxlevel="50" base_hp="805" max_hp="1135" base_atk="172" max_atk="282" base_def="55" max_def="80" base_mdef="0" max_mdef="0" redeploy="70" cost="17" block="1" attack_time="2.85" />

  <Info_Default name="아미야" rang="7" maxlevel="50" base_hp="699" max_hp="958" base_atk="276" max_atk="390" base_def="48" max_def="81" base_mdef="10" max_mdef="10" redeploy="70" cost="18" block="1" attack_time="1.6" />
  <Info_Default name="레이즈" rang="7" maxlevel="50" base_hp="590" max_hp="843" base_atk="266" max_atk="370" base_def="47" max_def="72" base_mdef="10" max_mdef="10" redeploy="70" cost="29" block="1" attack_time="2.3" />
  <Info_Default name="나이트메어" rang="7" maxlevel="50" base_hp="658" max_hp="941" base_atk="281" max_atk="396" base_def="45" max_def="77" base_mdef="10" max_mdef="10" redeploy="70" cost="18" block="1" attack_time="1.6" />
  <Info_Default name="스카이파이어" rang="6" maxlevel="50" base_hp="686" max_hp="954" base_atk="332" max_atk="468" base_def="48" max_def="74" base_mdef="10" max_mdef="10" redeploy="70" cost="30" block="1" attack_time="2.9" />

  <Info_Default name="아스테시아" rang="1" maxlevel="50" base_hp="1150" max_hp="1514" base_atk="283" max_atk="411" base_def="177" max_def="254" base_mdef="10" max_mdef="10" redeploy="70" cost="19" block="1" attack_time="1.25" />
  <Info_Default name="브로카" rang="1" maxlevel="50" base_hp="1064" max_hp="1365" base_atk="308" max_atk="428" base_def="155" max_def="222" base_mdef="0" max_mdef="0" redeploy="70" cost="19" block="2" attack_time="1.2" />
  <Info_Default name="플레임브링어" rang="1" maxlevel="50" base_hp="1423" max_hp="2033" base_atk="378" max_atk="556" base_def="86" max_def="123" base_mdef="0" max_mdef="0" redeploy="80" cost="18" block="1" attack_time="1.5" />
  <Info_Default name="프란카" rang="1" maxlevel="50" base_hp="1386" max_hp="1981" base_atk="382" max_atk="563" base_def="105" max_def="150" base_mdef="0" max_mdef="0" redeploy="70" cost="16" block="1" attack_time="1.5" />
  <Info_Default name="인드라" rang="1" maxlevel="50" base_hp="1071" max_hp="1448" base_atk="206" max_atk="303" base_def="151" max_def="217" base_mdef="0" max_mdef="0" redeploy="70" cost="8" block="1" attack_time="0.78" />
  <Info_Default name="새비지" rang="1" maxlevel="50" base_hp="1108" max_hp="1421" base_atk="284" max_atk="395" base_def="135" max_def="193" base_mdef="0" max_mdef="0" redeploy="70" cost="18" block="2" attack_time="1.2" />
  <Info_Default name="스펙터" rang="1" maxlevel="50" base_hp="1199" max_hp="1538" base_atk="293" max_atk="407" base_def="150" max_def="215" base_mdef="0" max_mdef="0" redeploy="70" cost="19" block="2" attack_time="1.2" />
  <Info_Default name="라플란드" rang="6" maxlevel="50" base_hp="987" max_hp="1410" base_atk="285" max_atk="426" base_def="173" max_def="238" base_mdef="10" max_mdef="10" redeploy="70" cost="17" block="2" attack_time="1.3" />
  <Info_Default name="스와이어" rang="11" maxlevel="50" base_hp="703" max_hp="964" base_atk="261" max_atk="373" base_def="193" max_def="273" base_mdef="0" max_mdef="0" redeploy="70" cost="14" block="2" attack_time="1.05" />

  <Info_Default name="바이슨" rang="14" maxlevel="50" base_hp="1475" max_hp="1941" base_atk="198" max_atk="254" base_def="245" max_def="367" base_mdef="0" max_mdef="0" redeploy="80" cost="20" block="3" attack_time="1.2" />
  <Info_Default name="운" rang="14" maxlevel="50" base_hp="1172" max_hp="1584" base_atk="182" max_atk="261" base_def="244" max_def="359" base_mdef="10" max_mdef="10" redeploy="70" cost="17" block="2" attack_time="1.2" />
  <Info_Default name="니어" rang="14" maxlevel="50" base_hp="1154" max_hp="1560" base_atk="191" max_atk="273" base_def="240" max_def="353" base_mdef="10" max_mdef="10" redeploy="70" cost="17" block="2" attack_time="1.2" />
  <Info_Default name="리스캄" rang="11" maxlevel="50" base_hp="1307" max_hp="1743" base_atk="219" max_atk="281" base_def="256" max_def="383" base_mdef="0" max_mdef="0" redeploy="70" cost="18" block="3" attack_time="1.2" />
  <Info_Default name="벌컨" rang="14" maxlevel="50" base_hp="1574" max_hp="2072" base_atk="344" max_atk="479" base_def="222" max_def="337" base_mdef="10" max_mdef="10" redeploy="70" cost="31" block="2" attack_time="1.6" />
  <Info_Default name="크루아상" rang="14" maxlevel="50" base_hp="1503" max_hp="1978" base_atk="201" max_atk="258" base_def="249" max_def="373" base_mdef="0" max_mdef="0" redeploy="70" cost="18" block="3" attack_time="1.2" />

  <Info_Default name="글라우쿠스" rang="5" maxlevel="50" base_hp="592" max_hp="800" base_atk="213" max_atk="314" base_def="45" max_def="65" base_mdef="10" max_mdef="10" redeploy="70" cost="13" block="1" attack_time="1.9" />
  <Info_Default name="메이어" rang="7" maxlevel="50" base_hp="480" max_hp="649" base_atk="199" max_atk="285" base_def="56" max_def="80" base_mdef="15" max_mdef="15" redeploy="70" cost="9" block="1" attack_time="1.6" />
  <Info_Default name="프라마닉스" rang="5" maxlevel="50" base_hp="629" max_hp="925" base_atk="193" max_atk="277" base_def="46" max_def="67" base_mdef="15" max_mdef="15" redeploy="70" cost="10" block="1" attack_time="1.6" />
  <Info_Default name="소라" rang="16" maxlevel="50" base_hp="519" max_hp="742" base_atk="133" max_atk="208" base_def="95" max_def="142" base_mdef="0" max_mdef="0" redeploy="70" cost="5" block="1" attack_time="1.0" />
  <Info_Default name="이스티나" rang="5" maxlevel="50" base_hp="581" max_hp="797" base_atk="218" max_atk="321" base_def="46" max_def="67" base_mdef="10" max_mdef="10" redeploy="70" cost="13" block="1" attack_time="1.9" />
 
  <Info_Default name="클리프하트" rang="11" maxlevel="50" base_hp="852" max_hp="1152" base_atk="329" max_atk="471" base_def="148" max_def="219" base_mdef="0" max_mdef="0" redeploy="70" cost="11" block="2" attack_time="1.8" />
  <Info_Default name="에프이터" rang="1" maxlevel="50" base_hp="852" max_hp="1136" base_atk="279" max_atk="388" base_def="158" max_def="240" base_mdef="0" max_mdef="0" redeploy="70" cost="18" block="2" attack_time="1.2" />
  <Info_Default name="맨티코어" rang="4" maxlevel="50" base_hp="777" max_hp="1080" base_atk="378" max_atk="511" base_def="141" max_def="218" base_mdef="10" max_mdef="10" redeploy="70" cost="18" block="0" attack_time="3.5" />
  <Info_Default name="프로젝트 레드" rang="1" maxlevel="50" base_hp="703" max_hp="938" base_atk="204" max_atk="301" base_def="135" max_def="194" base_mdef="0" max_mdef="0" redeploy="18" cost="7" block="1" attack_time="0.93" />
  <Info_Default name="스노우상트" rang="11" maxlevel="50" base_hp="794" max_hp="1073" base_atk="320" max_atk="458" base_def="155" max_def="228" base_mdef="0" max_mdef="0" redeploy="80" cost="13" block="2" attack_time="1.8" />

  <Info_Default name="쿠리어" rang="1" maxlevel="45" base_hp="758" max_hp="1083" base_atk="170" max_atk="254" base_def="137" max_def="196" base_mdef="0" max_mdef="0" redeploy="70" cost="10" block="2" attack_time="1.05" />
  <Info_Default name="머틀" rang="1" maxlevel="45" base_hp="658" max_hp="902" base_atk="231" max_atk="331" base_def="138" max_def="193" base_mdef="0" max_mdef="0" redeploy="70" cost="8" block="1" attack_time="1.3" />
  <Info_Default name="스캐빈저" rang="1" maxlevel="45" base_hp="693" max_hp="937" base_atk="185" max_atk="281" base_def="136" max_def="198" base_mdef="0" max_mdef="0" redeploy="70" cost="10" block="2" attack_time="1.05" />
  <Info_Default name="비그나" rang="1" maxlevel="45" base_hp="724" max_hp="1006" base_atk="248" max_atk="355" base_def="152" max_def="218" base_mdef="0" max_mdef="0" redeploy="70" cost="9" block="1" attack_time="1" />

  <Info_Default name="엠브리엘" rang="3" maxlevel="45" base_hp="785" max_hp="1020" base_atk="437" max_atk="608" base_def="60" max_def="80" base_mdef="0" max_mdef="0" redeploy="70" cost="18" block="1" attack_time="2.7" />
  <Info_Default name="제시카" rang="2" maxlevel="45" base_hp="604" max_hp="864" base_atk="163" max_atk="272" base_def="54" max_def="91" base_mdef="0" max_mdef="0" redeploy="70" cost="10" block="1" attack_time="1" />
  <Info_Default name="메이" rang="2" maxlevel="45" base_hp="730" max_hp="1043" base_atk="163" max_atk="273" base_def="36" max_def="61" base_mdef="0" max_mdef="0" redeploy="70" cost="10" block="1" attack_time="1" />
  <Info_Default name="메테오" rang="2" maxlevel="45" base_hp="612" max_hp="875" base_atk="159" max_atk="266" base_def="58" max_def="97" base_mdef="0" max_mdef="0" redeploy="70" cost="10" block="1" attack_time="1" />
  <Info_Default name="시라유키" rang="3" maxlevel="45" base_hp="834" max_hp="1043" base_atk="347" max_atk="496" base_def="51" max_def="66" base_mdef="0" max_mdef="0" redeploy="70" cost="23" block="1" attack_time="2.8" />
  <Info_Default name="버메일" rang="2" maxlevel="45" base_hp="550" max_hp="786" base_atk="166" max_atk="277" base_def="57" max_def="95" base_mdef="0" max_mdef="0" redeploy="70" cost="10" block="1" attack_time="1" />
  
  <Info_Default name="가비알" rang="2" maxlevel="45" base_hp="851" max_hp="1167" base_atk="159" max_atk="262" base_def="66" max_def="96" base_mdef="0" max_mdef="0" redeploy="70" cost="16" block="1" attack_time="2.85" />
  <Info_Default name="미르" rang="2" maxlevel="45" base_hp="752" max_hp="1060" base_atk="161" max_atk="264" base_def="57" max_def="83" base_mdef="0" max_mdef="0" redeploy="70" cost="16" block="1" attack_time="2.85" />
  <Info_Default name="퍼퓨머" rang="4" maxlevel="45" base_hp="710" max_hp="960" base_atk="117" max_atk="189" base_def="69" max_def="92" base_mdef="0" max_mdef="0" redeploy="70" cost="14" block="1" attack_time="2.85" />
  <Info_Default name="퓨어스트림" rang="3" maxlevel="45" base_hp="748" max_hp="985" base_atk="150" max_atk="247" base_def="51" max_def="75" base_mdef="5" max_mdef="5" redeploy="80" cost="17" block="1" attack_time="2.85" />
  <Info_Default name="수수루" rang="2" maxlevel="45" base_hp="725" max_hp="994" base_atk="173" max_atk="284" base_def="53" max_def="77" base_mdef="0" max_mdef="0" redeploy="70" cost="16" block="1" attack_time="2.85" />

  <Info_Default name="기타노" rang="6" maxlevel="45" base_hp="622" max_hp="889" base_atk="303" max_atk="428" base_def="47" max_def="72" base_mdef="10" max_mdef="10" redeploy="70" cost="29" block="1" attack_time="2.9" />
  <Info_Default name="그레이" rang="6" maxlevel="45" base_hp="595" max_hp="850" base_atk="298" max_atk="421" base_def="52" max_def="79" base_mdef="10" max_mdef="10" redeploy="70" cost="29" block="1" attack_time="2.9" />
  <Info_Default name="헤이즈" rang="7" maxlevel="45" base_hp="619" max_hp="885" base_atk="253" max_atk="362" base_def="42" max_def="71" base_mdef="10" max_mdef="10" redeploy="70" cost="17" block="1" attack_time="1.6" />

  <Info_Default name="비헌터" rang="1" maxlevel="45" base_hp="1010" max_hp="1365" base_atk="201" max_atk="296" base_def="131" max_def="191" base_mdef="0" max_mdef="0" redeploy="70" cost="7" block="1" attack_time="0.78" />
  <Info_Default name="도베르만" rang="11" maxlevel="45" base_hp="743" max_hp="1019" base_atk="239" max_atk="342" base_def="178" max_def="252" base_mdef="0" max_mdef="0" redeploy="70" cost="13" block="2" attack_time="1.05" />
  <Info_Default name="에스텔" rang="1" maxlevel="45" base_hp="1140" max_hp="1462" base_atk="278" max_atk="387" base_def="133" max_def="190" base_mdef="0" max_mdef="0" redeploy="70" cost="18" block="2" attack_time="1.2" />
  <Info_Default name="프로스트리프" rang="6" maxlevel="45" base_hp="949" max_hp="1356" base_atk="272" max_atk="400" base_def="154" max_def="211" base_mdef="5" max_mdef="5" redeploy="70" cost="16" block="2" attack_time="1.3" />
  <Info_Default name="마토이마루" rang="1" maxlevel="45" base_hp="1443" max_hp="1925" base_atk="370" max_atk="553" base_def="70" max_def="100" base_mdef="0" max_mdef="0" redeploy="70" cost="15" block="1" attack_time="1.5" />
  <Info_Default name="무스" rang="1" maxlevel="45" base_hp="1069" max_hp="1407" base_atk="273" max_atk="396" base_def="158" max_def="230" base_mdef="10" max_mdef="10" redeploy="70" cost="18" block="1" attack_time="1.25" />

  <Info_Default name="쿠오라" rang="14" maxlevel="45" base_hp="1221" max_hp="1629" base_atk="193" max_atk="248" base_def="249" max_def="372" base_mdef="0" max_mdef="0" redeploy="70" cost="17" block="3" attack_time="1.2" />
  <Info_Default name="두르나르" rang="14" maxlevel="45" base_hp="1201" max_hp="1623" base_atk="244" max_atk="349" base_def="220" max_def="324" base_mdef="5" max_mdef="5" redeploy="70" cost="20" block="3" attack_time="1.6" />
  <Info_Default name="마터호른" rang="14" maxlevel="45" base_hp="1273" max_hp="1698" base_atk="198" max_atk="254" base_def="241" max_def="361" base_mdef="5" max_mdef="5" redeploy="70" cost="17" block="3" attack_time="1.2" />
  <Info_Default name="굼" rang="14" maxlevel="45" base_hp="1059" max_hp="1432" base_atk="179" max_atk="257" base_def="234" max_def="345" base_mdef="10" max_mdef="10" redeploy="70" cost="16" block="2" attack_time="1.2" />

  <Info_Default name="딥컬러" rang="7" maxlevel="45" base_hp="472" max_hp="638" base_atk="181" max_atk="259" base_def="53" max_def="77" base_mdef="10" max_mdef="10" redeploy="70" cost="8" block="1" attack_time="1.6" />
  <Info_Default name="어스스피릿" rang="5" maxlevel="45" base_hp="548" max_hp="751" base_atk="202" max_atk="298" base_def="46" max_def="66" base_mdef="10" max_mdef="10" redeploy="70" cost="12" block="1" attack_time="1.9" />

  <Info_Default name="에단" rang="4" maxlevel="45" base_hp="730" max_hp="1014" base_atk="346" max_atk="468" base_def="139" max_def="214" base_mdef="10" max_mdef="10" redeploy="70" cost="17" block="0" attack_time="3.5" />
  <Info_Default name="그라벨" rang="1" maxlevel="45" base_hp="663" max_hp="885" base_atk="176" max_atk="256" base_def="151" max_def="216" base_mdef="0" max_mdef="0" redeploy="18" cost="6" block="1" attack_time="0.93" />
  <Info_Default name="로프" rang="11" maxlevel="45" base_hp="744" max_hp="1006" base_atk="313" max_atk="448" base_def="142" max_def="209" base_mdef="0" max_mdef="0" redeploy="70" cost="10" block="2" attack_time="1.8" />
  <Info_Default name="쇼" rang="1" maxlevel="45" base_hp="824" max_hp="1099" base_atk="252" max_atk="351" base_def="151" max_def="229" base_mdef="0" max_mdef="0" redeploy="70" cost="17" block="2" attack_time="1.2" />

  <Info_Default name="팽" rang="1" maxlevel="40" base_hp="742" max_hp="1060" base_atk="157" max_atk="235" base_def="130" max_def="187" base_mdef="0" max_mdef="0" redeploy="70" cost="9" block="2" attack_time="1.05" />
  <Info_Default name="플룸" rang="1" maxlevel="40" base_hp="688" max_hp="956" base_atk="229" max_atk="333" base_def="148" max_def="212" base_mdef="0" max_mdef="0" redeploy="70" cost="8" block="1" attack_time="1" />
  <Info_Default name="바닐라" rang="1" maxlevel="40" base_hp="711" max_hp="1016" base_atk="168" max_atk="248" base_def="128" max_def="184" base_mdef="0" max_mdef="0" redeploy="70" cost="9" block="2" attack_time="1.05" />
  <Info_Default name="아드나키엘" rang="2" maxlevel="40" base_hp="531" max_hp="831" base_atk="150" max_atk="251" base_def="55" max_def="93" base_mdef="0" max_mdef="0" redeploy="70" cost="9" block="1" attack_time="1" />
  <Info_Default name="캐터펄트" rang="3" maxlevel="40" base_hp="736" max_hp="920" base_atk="340" max_atk="487" base_def="51" max_def="67" base_mdef="0" max_mdef="0" redeploy="70" cost="21" block="1" attack_time="2.8" />
  <Info_Default name="크루스" rang="2" maxlevel="40" base_hp="545" max_hp="826" base_atk="154" max_atk="258" base_def="52" max_def="88" base_mdef="0" max_mdef="0" redeploy="70" cost="9" block="1" attack_time="1" />
  <Info_Default name="안셀" rang="2" maxlevel="40" base_hp="634" max_hp="907" base_atk="156" max_atk="257" base_def="60" max_def="81" base_mdef="0" max_mdef="0" redeploy="70" cost="15" block="1" attack_time="2.85" />
  <Info_Default name="히비스커스" rang="2" maxlevel="40" base_hp="682" max_hp="975" base_atk="153" max_atk="248" base_def="61" max_def="82" base_mdef="0" max_mdef="0" redeploy="70" cost="15" block="1" attack_time="2.85" />
  <Info_Default name="라바" rang="6" maxlevel="40" base_hp="576" max_hp="823" base_atk="296" max_atk="417" base_def="41" max_def="69" base_mdef="10" max_mdef="10" redeploy="70" cost="27" block="1" attack_time="2.9" />
  <Info_Default name="스튜어드" rang="7" maxlevel="40" base_hp="592" max_hp="847" base_atk="249" max_atk="357" base_def="38" max_def="65" base_mdef="10" max_mdef="10" redeploy="70" cost="16" block="1" attack_time="1.6" />

  <Info_Default name="멜란사" rang="1" maxlevel="40" base_hp="1332" max_hp="1903" base_atk="361" max_atk="531" base_def="83" max_def="119" base_mdef="0" max_mdef="0" redeploy="70" cost="13" block="1" attack_time="1.5" />
  <Info_Default name="미드나이트" rang="6" maxlevel="40" base_hp="879" max_hp="1256" base_atk="252" max_atk="372" base_def="162" max_def="222" base_mdef="5" max_mdef="5" redeploy="70" cost="14" block="2" attack_time="1.3" />
  <Info_Default name="포푸카" rang="1" maxlevel="40" base_hp="1130" max_hp="1449" base_atk="263" max_atk="366" base_def="126" max_def="181" base_mdef="0" max_mdef="0" redeploy="70" cost="17" block="2" attack_time="1.2" />
  
  <Info_Default name="비글" rang="14" maxlevel="40" base_hp="1144" max_hp="1526" base_atk="184" max_atk="236" base_def="242" max_def="362" base_mdef="0" max_mdef="0" redeploy="70" cost="16" block="3" attack_time="1.2" />
  <Info_Default name="카디건" rang="14" maxlevel="40" base_hp="1197" max_hp="1597" base_atk="190" max_atk="244" base_def="229" max_def="342" base_mdef="0" max_mdef="0" redeploy="70" cost="16" block="3" attack_time="1.2" />
  <Info_Default name="스팟" rang="14" maxlevel="40" base_hp="1057" max_hp="1429" base_atk="165" max_atk="236" base_def="225" max_def="331" base_mdef="10" max_mdef="10" redeploy="70" cost="15" block="2" attack_time="1.2" />
 
  <Info_Default name="오키드" rang="5" maxlevel="40" base_hp="553" max_hp="738" base_atk="192" max_atk="283" base_def="44" max_def="64" base_mdef="10" max_mdef="10" redeploy="70" cost="10" block="1" attack_time="1.9" />

  <Info_Default name="야토" rang="1" maxlevel="30" base_hp="721" max_hp="1030" base_atk="150" max_atk="232" base_def="134" max_def="192" base_mdef="0" max_mdef="0" redeploy="70" cost="7" block="2" attack_time="1.05" />
  <Info_Default name="레인저" rang="2" maxlevel="30" base_hp="546" max_hp="780" base_atk="161" max_atk="269" base_def="46" max_def="66" base_mdef="0" max_mdef="0" redeploy="70" cost="7" block="1" attack_time="1" />
  <Info_Default name="12F" rang="6" maxlevel="30" base_hp="1378" max_hp="1378" base_atk="280" max_atk="400" base_def="31" max_def="50" base_mdef="10" max_mdef="10" redeploy="70" cost="24" block="1" attack_time="2.9" />
  <Info_Default name="두린" rang="7" maxlevel="30" base_hp="571" max_hp="952" base_atk="238" max_atk="340" base_def="36" max_def="62" base_mdef="10" max_mdef="10" redeploy="70" cost="12" block="1" attack_time="1.6" />
  <Info_Default name="느와르 코르네" rang="14" maxlevel="30" base_hp="1219" max_hp="1670" base_atk="180" max_atk="240" base_def="220" max_def="315" base_mdef="0" max_mdef="0" redeploy="70" cost="14" block="3" attack_time="1.2" />

  <Info_Default name="LANCET-2" rang="2" maxlevel="30" base_hp="261" max_hp="435" base_atk="42" max_atk="70" base_def="16" max_def="27" base_mdef="0" max_mdef="0" redeploy="200" cost="3" block="1" attack_time="2.85" />
  <Info_Default name="CASTLE-3" rang="1" maxlevel="30" base_hp="862" max_hp="1106" base_atk="221" max_atk="316" base_def="63" max_def="90" base_mdef="0" max_mdef="0" redeploy="200" cost="3" block="1" attack_time="1.5" />
</ChractorList>